match_id,season,match_number,match_date,city,venue,team1,team2,toss_winner,toss_decision,result,match_winner,win_by_runs,win_by_wickets,player_of_match
335982,2008,1,18/04/2008,Bangalore,M Chinnaswamy Stadium,Royal Challengers Bangalore,Kolkata Knight Riders,Royal Challengers Bangalore,field,win,Kolkata Knight Riders,140,,Brendon Barrie McCullum
1082591,2017,1,05/04/2017,Hyderabad,"Rajiv Gandhi International Stadium, Uppal",Sunrisers Hyderabad,Royal Challengers Bangalore,Royal Challengers Bangalore,field,win,Sunrisers Hyderabad,35,,Yuvraj Singh
1082592,2017,2,06/04/2017,Pune,Maharashtra Cricket Association Stadium,Rising Pune Supergiant,Mumbai Indians,Rising Pune Supergiant,field,win,Rising Pune Supergiant,,7,Steven Peter Devereux Smith
1082593,2017,3,07/04/2017,Rajkot,Saurashtra Cricket Association Stadium,Gujarat Lions,Kolkata Knight Riders,Kolkata Knight Riders,field,win,Kolkata Knight Riders,,10,Christopher Austin Lynn
1082594,2017,4,08/04/2017,Indore,Holkar Cricket Stadium,Punjab Kings,Rising Pune Supergiant,Punjab Kings,field,win,Punjab Kings,,6,Glenn James Maxwell
1082595,2017,5,08/04/2017,Bengaluru,M.Chinnaswamy Stadium,Royal Challengers Bangalore,Delhi Capitals,Royal Challengers Bangalore,bat,win,Royal Challengers Bangalore,15,,Kedar Mahadav Jadhav
1082596,2017,6,09/04/2017,Hyderabad,"Rajiv Gandhi International Stadium, Uppal",Sunrisers Hyderabad,Gujarat Lions,Sunrisers Hyderabad,field,win,Sunrisers Hyderabad,,9,Rashid Khan Arman
1082597,2017,7,09/04/2017,Mumbai,Wankhede Stadium,Mumbai Indians,Kolkata Knight Riders,Mumbai Indians,field,win,Mumbai Indians,,4,Nitish Rana
1082598,2017,8,10/04/2017,Indore,Holkar Cricket Stadium,Punjab Kings,Royal Challengers Bangalore,Royal Challengers Bangalore,bat,win,Punjab Kings,,8,Axar Rajeshbhai Patel
1082599,2017,9,11/04/2017,Pune,Maharashtra Cricket Association Stadium,Rising Pune Supergiant,Delhi Capitals,Rising Pune Supergiant,field,win,Delhi Capitals,97,,Sanju Viswanath Samson
1082600,2017,10,12/04/2017,Mumbai,Wankhede Stadium,Mumbai Indians,Sunrisers Hyderabad,Mumbai Indians,field,win,Mumbai Indians,,4,Jasprit Jasbirsingh Bumrah
1082601,2017,11,13/04/2017,Kolkata,Eden Gardens,Kolkata Knight Riders,Punjab Kings,Kolkata Knight Riders,field,win,Kolkata Knight Riders,,8,Sunil Philip Narine
1082602,2017,12,14/04/2017,Bangalore,M Chinnaswamy Stadium,Royal Challengers Bangalore,Mumbai Indians,Mumbai Indians,field,win,Mumbai Indians,,4,Kieron Adrian Pollard
1082603,2017,13,14/04/2017,Rajkot,Saurashtra Cricket Association Stadium,Gujarat Lions,Rising Pune Supergiant,Gujarat Lions,field,win,Gujarat Lions,,7,Andrew James Tye
1082604,2017,14,15/04/2017,Kolkata,Eden Gardens,Kolkata Knight Riders,Sunrisers Hyderabad,Sunrisers Hyderabad,field,win,Kolkata Knight Riders,17,,Robin Venu Uthappa
1082605,2017,15,15/04/2017,Delhi,Feroz Shah Kotla,Delhi Capitals,Punjab Kings,Delhi Capitals,bat,win,Delhi Capitals,51,,Corey James Anderson
1082606,2017,16,16/04/2017,Mumbai,Wankhede Stadium,Mumbai Indians,Gujarat Lions,Mumbai Indians,field,win,Mumbai Indians,,6,Nitish Rana
1082607,2017,17,16/04/2017,Bangalore,M Chinnaswamy Stadium,Royal Challengers Bangalore,Rising Pune Supergiant,Royal Challengers Bangalore,field,win,Rising Pune Supergiant,27,,Benjamin Andrew Stokes
1082608,2017,18,17/04/2017,Delhi,Feroz Shah Kotla,Delhi Capitals,Kolkata Knight Riders,Delhi Capitals,bat,win,Kolkata Knight Riders,,4,Nathan Mitchell Coulter-Nile
1082609,2017,19,17/04/2017,Hyderabad,"Rajiv Gandhi International Stadium, Uppal",Sunrisers Hyderabad,Punjab Kings,Punjab Kings,field,win,Sunrisers Hyderabad,5,,Bhuvneshwar Kumar Singh
1082610,2017,20,18/04/2017,Rajkot,Saurashtra Cricket Association Stadium,Gujarat Lions,Royal Challengers Bangalore,Gujarat Lions,field,win,Royal Challengers Bangalore,21,,Christopher Henry Gayle
1082611,2017,21,19/04/2017,Hyderabad,"Rajiv Gandhi International Stadium, Uppal",Sunrisers Hyderabad,Delhi Capitals,Sunrisers Hyderabad,bat,win,Sunrisers Hyderabad,15,,Kane Stuart Williamson
1082612,2017,22,20/04/2017,Indore,Holkar Cricket Stadium,Punjab Kings,Mumbai Indians,Mumbai Indians,field,win,Mumbai Indians,,8,Joseph Charles Buttler
1082613,2017,23,21/04/2017,Kolkata,Eden Gardens,Kolkata Knight Riders,Gujarat Lions,Gujarat Lions,field,win,Gujarat Lions,,4,Suresh Kumar Raina
1082614,2017,25,22/04/2017,Mumbai,Wankhede Stadium,Mumbai Indians,Delhi Capitals,Delhi Capitals,field,win,Mumbai Indians,14,,Mitchell John McClenaghan
1082615,2017,24,22/04/2017,Pune,Maharashtra Cricket Association Stadium,Rising Pune Supergiant,Sunrisers Hyderabad,Rising Pune Supergiant,field,win,Rising Pune Supergiant,,6,Mahendra Singh Dhoni
1082616,2017,26,23/04/2017,Rajkot,Saurashtra Cricket Association Stadium,Gujarat Lions,Punjab Kings,Gujarat Lions,field,win,Punjab Kings,26,,Hashim Mahomed Amla
1082617,2017,27,23/04/2017,Kolkata,Eden Gardens,Kolkata Knight Riders,Royal Challengers Bangalore,Royal Challengers Bangalore,field,win,Kolkata Knight Riders,82,,Nathan Mitchell Coulter-Nile
1082618,2017,28,24/04/2017,Mumbai,Wankhede Stadium,Mumbai Indians,Rising Pune Supergiant,Mumbai Indians,field,win,Rising Pune Supergiant,3,,Benjamin Andrew Stokes
1082620,2017,30,26/04/2017,Pune,Maharashtra Cricket Association Stadium,Rising Pune Supergiant,Kolkata Knight Riders,Kolkata Knight Riders,field,win,Kolkata Knight Riders,,7,Robin Venu Uthappa
1082621,2017,31,27/04/2017,Bangalore,M Chinnaswamy Stadium,Royal Challengers Bangalore,Gujarat Lions,Gujarat Lions,field,win,Gujarat Lions,,7,Andrew James Tye
1082622,2017,32,28/04/2017,Kolkata,Eden Gardens,Kolkata Knight Riders,Delhi Capitals,Kolkata Knight Riders,field,win,Kolkata Knight Riders,,7,Gautam Gambhir
1082623,2017,33,28/04/2017,Chandigarh,"Punjab Cricket Association IS Bindra Stadium, Mohali",Punjab Kings,Sunrisers Hyderabad,Punjab Kings,field,win,Sunrisers Hyderabad,26,,Rashid Khan Arman
1082624,2017,34,29/04/2017,Pune,Maharashtra Cricket Association Stadium,Rising Pune Supergiant,Royal Challengers Bangalore,Royal Challengers Bangalore,field,win,Rising Pune Supergiant,61,,Lachlan Hammond Ferguson
1082625,2017,35,29/04/2017,Rajkot,Saurashtra Cricket Association Stadium,Gujarat Lions,Mumbai Indians,Gujarat Lions,bat,tie,Mumbai Indians,,,Krunal Himanshu Pandya
1082626,2017,36,30/04/2017,Chandigarh,"Punjab Cricket Association IS Bindra Stadium, Mohali",Punjab Kings,Delhi Capitals,Punjab Kings,field,win,Punjab Kings,,10,Sandeep Sharma
1082627,2017,37,30/04/2017,Hyderabad,"Rajiv Gandhi International Stadium, Uppal",Sunrisers Hyderabad,Kolkata Knight Riders,Kolkata Knight Riders,field,win,Sunrisers Hyderabad,48,,David Andrew Warner
1082628,2017,38,01/05/2017,Mumbai,Wankhede Stadium,Mumbai Indians,Royal Challengers Bangalore,Royal Challengers Bangalore,bat,win,Mumbai Indians,,5,Rohit Gurunath Sharma
1082629,2017,39,01/05/2017,Pune,Maharashtra Cricket Association Stadium,Rising Pune Supergiant,Gujarat Lions,Rising Pune Supergiant,field,win,Rising Pune Supergiant,,5,Benjamin Andrew Stokes
1082630,2017,40,02/05/2017,Delhi,Feroz Shah Kotla,Delhi Capitals,Sunrisers Hyderabad,Delhi Capitals,field,win,Delhi Capitals,,6,Mohammed Shami Ahmed
1082631,2017,41,03/05/2017,Kolkata,Eden Gardens,Kolkata Knight Riders,Rising Pune Supergiant,Rising Pune Supergiant,field,win,Rising Pune Supergiant,,4,Rahul Ajay Tripathi
1082632,2017,42,04/05/2017,Delhi,Feroz Shah Kotla,Delhi Capitals,Gujarat Lions,Delhi Capitals,field,win,Delhi Capitals,,7,Rishabh Rajendra Pant
1082633,2017,43,05/05/2017,Bangalore,M Chinnaswamy Stadium,Royal Challengers Bangalore,Punjab Kings,Royal Challengers Bangalore,field,win,Punjab Kings,19,,Sandeep Sharma
1082634,2017,44,06/05/2017,Hyderabad,"Rajiv Gandhi International Stadium, Uppal",Sunrisers Hyderabad,Rising Pune Supergiant,Sunrisers Hyderabad,field,win,Rising Pune Supergiant,12,,Jaydev Dipakbhai Unadkat
1082635,2017,45,06/05/2017,Delhi,Feroz Shah Kotla,Delhi Capitals,Mumbai Indians,Delhi Capitals,field,win,Mumbai Indians,146,,Lendl Mark Platter Simmons
1082636,2017,46,07/05/2017,Bangalore,M Chinnaswamy Stadium,Royal Challengers Bangalore,Kolkata Knight Riders,Kolkata Knight Riders,field,win,Kolkata Knight Riders,,6,Sunil Philip Narine
1082637,2017,47,07/05/2017,Chandigarh,"Punjab Cricket Association IS Bindra Stadium, Mohali",Punjab Kings,Gujarat Lions,Gujarat Lions,field,win,Gujarat Lions,,6,Dwayne Romel Smith
1082638,2017,48,08/05/2017,Hyderabad,"Rajiv Gandhi International Stadium, Uppal",Sunrisers Hyderabad,Mumbai Indians,Mumbai Indians,bat,win,Sunrisers Hyderabad,,7,Shikhar Dhawan
1082639,2017,49,09/05/2017,Chandigarh,"Punjab Cricket Association IS Bindra Stadium, Mohali",Punjab Kings,Kolkata Knight Riders,Kolkata Knight Riders,field,win,Punjab Kings,14,,Mohit Mahipal Sharma
1082640,2017,50,10/05/2017,Kanpur,Green Park,Gujarat Lions,Delhi Capitals,Delhi Capitals,field,win,Delhi Capitals,,2,Shreyas Santosh Iyer
1082641,2017,51,11/05/2017,Mumbai,Wankhede Stadium,Mumbai Indians,Punjab Kings,Mumbai Indians,field,win,Punjab Kings,7,,Wriddhiman Prasanta Saha
1082642,2017,52,12/05/2017,Delhi,Feroz Shah Kotla,Delhi Capitals,Rising Pune Supergiant,Delhi Capitals,bat,win,Delhi Capitals,7,,Karun Nair
1082643,2017,53,13/05/2017,Kanpur,Green Park,Gujarat Lions,Sunrisers Hyderabad,Sunrisers Hyderabad,field,win,Sunrisers Hyderabad,,8,Mohammed Siraj
1082644,2017,54,13/05/2017,Kolkata,Eden Gardens,Kolkata Knight Riders,Mumbai Indians,Kolkata Knight Riders,field,win,Mumbai Indians,9,,Ambati Thirupathi Rayudu
1082645,2017,55,14/05/2017,Pune,Maharashtra Cricket Association Stadium,Rising Pune Supergiant,Punjab Kings,Rising Pune Supergiant,field,win,Rising Pune Supergiant,,9,Jaydev Dipakbhai Unadkat
1082646,2017,56,14/05/2017,Delhi,Feroz Shah Kotla,Delhi Capitals,Royal Challengers Bangalore,Royal Challengers Bangalore,bat,win,Royal Challengers Bangalore,10,,Harshal Vikram Patel
1082647,2017,,16/05/2017,Mumbai,Wankhede Stadium,Mumbai Indians,Rising Pune Supergiant,Mumbai Indians,field,win,Rising Pune Supergiant,20,,Washington Sundar
1082648,2017,,17/05/2017,Bangalore,M Chinnaswamy Stadium,Sunrisers Hyderabad,Kolkata Knight Riders,Kolkata Knight Riders,field,win,Kolkata Knight Riders,,7,Nathan Mitchell Coulter-Nile
1082649,2017,,19/05/2017,Bangalore,M Chinnaswamy Stadium,Mumbai Indians,Kolkata Knight Riders,Mumbai Indians,field,win,Mumbai Indians,,6,Karn Vinod Sharma
1082650,2017,,21/05/2017,Hyderabad,"Rajiv Gandhi International Stadium, Uppal",Mumbai Indians,Rising Pune Supergiant,Mumbai Indians,bat,win,Mumbai Indians,1,,Krunal Himanshu Pandya
1136561,2018,1,07/04/2018,Mumbai,Wankhede Stadium,Mumbai Indians,Chennai Super Kings,Chennai Super Kings,field,win,Chennai Super Kings,,1,Dwayne John Bravo
1136562,2018,2,08/04/2018,Chandigarh,Punjab Cricket Association IS Bindra Stadium,Delhi Capitals,Punjab Kings,Punjab Kings,field,win,Punjab Kings,,6,Kannaur Lokesh Rahul
1136563,2018,3,08/04/2018,Kolkata,Eden Gardens,Royal Challengers Bangalore,Kolkata Knight Riders,Kolkata Knight Riders,field,win,Kolkata Knight Riders,,4,Sunil Philip Narine
1136564,2018,4,09/04/2018,Hyderabad,Rajiv Gandhi International Stadium,Rajasthan Royals,Sunrisers Hyderabad,Sunrisers Hyderabad,field,win,Sunrisers Hyderabad,,9,Shikhar Dhawan
1136565,2018,5,10/04/2018,Chennai,MA Chidambaram Stadium,Kolkata Knight Riders,Chennai Super Kings,Chennai Super Kings,field,win,Chennai Super Kings,,5,Samuel William Billings
1136566,2018,6,11/04/2018,Jaipur,Sawai Mansingh Stadium,Rajasthan Royals,Delhi Capitals,Delhi Capitals,field,win,Rajasthan Royals,10,,Sanju Viswanath Samson
1136567,2018,7,12/04/2018,Hyderabad,Rajiv Gandhi International Stadium,Mumbai Indians,Sunrisers Hyderabad,Sunrisers Hyderabad,field,win,Sunrisers Hyderabad,,1,Rashid Khan Arman
1136568,2018,8,13/04/2018,Bengaluru,M.Chinnaswamy Stadium,Punjab Kings,Royal Challengers Bangalore,Royal Challengers Bangalore,field,win,Royal Challengers Bangalore,,4,Umeshkumar Tilak Yadav
1136569,2018,9,14/04/2018,Mumbai,Wankhede Stadium,Mumbai Indians,Delhi Capitals,Delhi Capitals,field,win,Delhi Capitals,,7,Jason Jonathan Roy
1136570,2018,10,14/04/2018,Kolkata,Eden Gardens,Kolkata Knight Riders,Sunrisers Hyderabad,Sunrisers Hyderabad,field,win,Sunrisers Hyderabad,,5,Billy James Stanlake
1136571,2018,11,15/04/2018,Bengaluru,M.Chinnaswamy Stadium,Rajasthan Royals,Royal Challengers Bangalore,Royal Challengers Bangalore,field,win,Rajasthan Royals,19,,Sanju Viswanath Samson
1136572,2018,12,15/04/2018,Chandigarh,Punjab Cricket Association IS Bindra Stadium,Punjab Kings,Chennai Super Kings,Chennai Super Kings,field,win,Punjab Kings,4,,Christopher Henry Gayle
1136573,2018,13,16/04/2018,Kolkata,Eden Gardens,Kolkata Knight Riders,Delhi Capitals,Delhi Capitals,field,win,Kolkata Knight Riders,71,,Nitish Rana
1136574,2018,14,17/04/2018,Mumbai,Wankhede Stadium,Mumbai Indians,Royal Challengers Bangalore,Royal Challengers Bangalore,field,win,Mumbai Indians,46,,Rohit Gurunath Sharma
1136575,2018,15,18/04/2018,Jaipur,Sawai Mansingh Stadium,Rajasthan Royals,Kolkata Knight Riders,Kolkata Knight Riders,field,win,Kolkata Knight Riders,,7,Nitish Rana
1136576,2018,16,19/04/2018,Chandigarh,Punjab Cricket Association IS Bindra Stadium,Punjab Kings,Sunrisers Hyderabad,Punjab Kings,bat,win,Punjab Kings,15,,Christopher Henry Gayle
1136577,2018,17,20/04/2018,Pune,Maharashtra Cricket Association Stadium,Chennai Super Kings,Rajasthan Royals,Rajasthan Royals,field,win,Chennai Super Kings,64,,Shane Robert Watson
1136578,2018,18,21/04/2018,Kolkata,Eden Gardens,Kolkata Knight Riders,Punjab Kings,Punjab Kings,field,win,Punjab Kings,,9,Kannaur Lokesh Rahul
1136579,2018,19,21/04/2018,Bengaluru,M.Chinnaswamy Stadium,Delhi Capitals,Royal Challengers Bangalore,Royal Challengers Bangalore,field,win,Royal Challengers Bangalore,,6,Abraham Benjamin de Villiers
1136580,2018,20,22/04/2018,Hyderabad,Rajiv Gandhi International Stadium,Chennai Super Kings,Sunrisers Hyderabad,Sunrisers Hyderabad,field,win,Chennai Super Kings,4,,Ambati Thirupathi Rayudu
1136581,2018,21,22/04/2018,Jaipur,Sawai Mansingh Stadium,Mumbai Indians,Rajasthan Royals,Mumbai Indians,bat,win,Rajasthan Royals,,3,Jofra Chioke Archer
1136582,2018,22,23/04/2018,Delhi,Arun Jaitley Stadium,Punjab Kings,Delhi Capitals,Delhi Capitals,field,win,Punjab Kings,4,,Ankit Singh Rajpoot
1136583,2018,23,24/04/2018,Mumbai,Wankhede Stadium,Sunrisers Hyderabad,Mumbai Indians,Mumbai Indians,field,win,Sunrisers Hyderabad,31,,Rashid Khan Arman
1136584,2018,24,25/04/2018,Bengaluru,M.Chinnaswamy Stadium,Royal Challengers Bangalore,Chennai Super Kings,Chennai Super Kings,field,win,Chennai Super Kings,,5,Mahendra Singh Dhoni
1136585,2018,25,26/04/2018,Hyderabad,Rajiv Gandhi International Stadium,Sunrisers Hyderabad,Punjab Kings,Punjab Kings,field,win,Sunrisers Hyderabad,13,,Ankit Singh Rajpoot
1136586,2018,26,27/04/2018,Delhi,Arun Jaitley Stadium,Delhi Capitals,Kolkata Knight Riders,Kolkata Knight Riders,field,win,Delhi Capitals,55,,Shreyas Santosh Iyer
1136587,2018,27,28/04/2018,Pune,Maharashtra Cricket Association Stadium,Chennai Super Kings,Mumbai Indians,Mumbai Indians,field,win,Mumbai Indians,,8,Rohit Gurunath Sharma
1136588,2018,28,29/04/2018,Jaipur,Sawai Mansingh Stadium,Sunrisers Hyderabad,Rajasthan Royals,Sunrisers Hyderabad,bat,win,Sunrisers Hyderabad,11,,Kane Stuart Williamson
1136589,2018,29,29/04/2018,Bengaluru,M.Chinnaswamy Stadium,Royal Challengers Bangalore,Kolkata Knight Riders,Kolkata Knight Riders,field,win,Kolkata Knight Riders,,6,Christopher Austin Lynn
1136590,2018,30,30/04/2018,Pune,Maharashtra Cricket Association Stadium,Chennai Super Kings,Delhi Capitals,Delhi Capitals,field,win,Chennai Super Kings,13,,Shane Robert Watson
1136591,2018,31,01/05/2018,Bengaluru,M.Chinnaswamy Stadium,Royal Challengers Bangalore,Mumbai Indians,Mumbai Indians,field,win,Royal Challengers Bangalore,14,,Timothy Grant Southee
1136592,2018,32,02/05/2018,Delhi,Arun Jaitley Stadium,Delhi Capitals,Rajasthan Royals,Rajasthan Royals,field,win,Delhi Capitals,4,,Rishabh Rajendra Pant
1136593,2018,33,03/05/2018,Kolkata,Eden Gardens,Chennai Super Kings,Kolkata Knight Riders,Kolkata Knight Riders,field,win,Kolkata Knight Riders,,6,Sunil Philip Narine
1136594,2018,34,04/05/2018,Indore,Holkar Cricket Stadium,Punjab Kings,Mumbai Indians,Mumbai Indians,field,win,Mumbai Indians,,6,Suryakumar Ashok Yadav
1136595,2018,35,05/05/2018,Pune,Maharashtra Cricket Association Stadium,Royal Challengers Bangalore,Chennai Super Kings,Chennai Super Kings,field,win,Chennai Super Kings,,6,Ravindrasinh Anirudhsinh Jadeja
1136596,2018,36,05/05/2018,Hyderabad,Rajiv Gandhi International Stadium,Delhi Capitals,Sunrisers Hyderabad,Delhi Capitals,bat,win,Sunrisers Hyderabad,,7,Rashid Khan Arman
1136597,2018,37,06/05/2018,Mumbai,Wankhede Stadium,Mumbai Indians,Kolkata Knight Riders,Kolkata Knight Riders,field,win,Mumbai Indians,13,,Hardik Himanshu Pandya
1136598,2018,38,06/05/2018,Indore,Holkar Cricket Stadium,Rajasthan Royals,Punjab Kings,Punjab Kings,field,win,Punjab Kings,,6,Mujeeb Ur Rahman
1136599,2018,39,07/05/2018,Hyderabad,Rajiv Gandhi International Stadium,Sunrisers Hyderabad,Royal Challengers Bangalore,Royal Challengers Bangalore,field,win,Sunrisers Hyderabad,5,,Kane Stuart Williamson
1136600,2018,40,08/05/2018,Jaipur,Sawai Mansingh Stadium,Rajasthan Royals,Punjab Kings,Rajasthan Royals,bat,win,Rajasthan Royals,15,,Joseph Charles Buttler
1136601,2018,41,09/05/2018,Kolkata,Eden Gardens,Mumbai Indians,Kolkata Knight Riders,Kolkata Knight Riders,field,win,Mumbai Indians,102,,Ishan Pranav Kumar Pandey Kishan
1136602,2018,42,10/05/2018,Delhi,Arun Jaitley Stadium,Delhi Capitals,Sunrisers Hyderabad,Delhi Capitals,bat,win,Sunrisers Hyderabad,,9,Shikhar Dhawan
1136603,2018,43,11/05/2018,Jaipur,Sawai Mansingh Stadium,Chennai Super Kings,Rajasthan Royals,Chennai Super Kings,bat,win,Rajasthan Royals,,4,Joseph Charles Buttler
1136604,2018,44,12/05/2018,Indore,Holkar Cricket Stadium,Kolkata Knight Riders,Punjab Kings,Punjab Kings,field,win,Kolkata Knight Riders,31,,Sunil Philip Narine
1136605,2018,45,12/05/2018,Delhi,Arun Jaitley Stadium,Delhi Capitals,Royal Challengers Bangalore,Royal Challengers Bangalore,field,win,Royal Challengers Bangalore,,5,Abraham Benjamin de Villiers
1136606,2018,46,13/05/2018,Pune,Maharashtra Cricket Association Stadium,Sunrisers Hyderabad,Chennai Super Kings,Chennai Super Kings,field,win,Chennai Super Kings,,8,Ambati Thirupathi Rayudu
1136607,2018,47,13/05/2018,Mumbai,Wankhede Stadium,Mumbai Indians,Rajasthan Royals,Rajasthan Royals,field,win,Rajasthan Royals,,7,Joseph Charles Buttler
1136608,2018,48,14/05/2018,Indore,Holkar Cricket Stadium,Punjab Kings,Royal Challengers Bangalore,Royal Challengers Bangalore,field,win,Royal Challengers Bangalore,,10,Umeshkumar Tilak Yadav
1136609,2018,49,15/05/2018,Kolkata,Eden Gardens,Rajasthan Royals,Kolkata Knight Riders,Kolkata Knight Riders,field,win,Kolkata Knight Riders,,6,Kuldeep Yadav
1136610,2018,50,16/05/2018,Mumbai,Wankhede Stadium,Mumbai Indians,Punjab Kings,Punjab Kings,field,win,Mumbai Indians,3,,Jasprit Jasbirsingh Bumrah
1136611,2018,51,17/05/2018,Bengaluru,M.Chinnaswamy Stadium,Royal Challengers Bangalore,Sunrisers Hyderabad,Sunrisers Hyderabad,field,win,Royal Challengers Bangalore,14,,Abraham Benjamin de Villiers
1136612,2018,52,18/05/2018,Delhi,Arun Jaitley Stadium,Delhi Capitals,Chennai Super Kings,Chennai Super Kings,field,win,Delhi Capitals,34,,Harshal Vikram Patel
1136613,2018,53,19/05/2018,Jaipur,Sawai Mansingh Stadium,Rajasthan Royals,Royal Challengers Bangalore,Rajasthan Royals,bat,win,Rajasthan Royals,30,,Shreyas Gopal
1136614,2018,54,19/05/2018,Hyderabad,Rajiv Gandhi International Stadium,Sunrisers Hyderabad,Kolkata Knight Riders,Sunrisers Hyderabad,bat,win,Kolkata Knight Riders,,5,Christopher Austin Lynn
1136615,2018,55,20/05/2018,Delhi,Arun Jaitley Stadium,Delhi Capitals,Mumbai Indians,Delhi Capitals,bat,win,Delhi Capitals,11,,Amit Mishra
1136616,2018,56,20/05/2018,Pune,Maharashtra Cricket Association Stadium,Punjab Kings,Chennai Super Kings,Chennai Super Kings,field,win,Chennai Super Kings,,5,Lungisani True-man Ngidi
1136617,2018,,22/05/2018,Mumbai,Wankhede Stadium,Sunrisers Hyderabad,Chennai Super Kings,Chennai Super Kings,field,win,Chennai Super Kings,,2,Francois du Plessis
1136618,2018,,23/05/2018,Kolkata,Eden Gardens,Kolkata Knight Riders,Rajasthan Royals,Rajasthan Royals,field,win,Kolkata Knight Riders,25,,Andre Dwayne Russell
1136619,2018,,25/05/2018,Kolkata,Eden Gardens,Sunrisers Hyderabad,Kolkata Knight Riders,Kolkata Knight Riders,field,win,Sunrisers Hyderabad,14,,Rashid Khan Arman
1136620,2018,,27/05/2018,Mumbai,Wankhede Stadium,Sunrisers Hyderabad,Chennai Super Kings,Chennai Super Kings,field,win,Chennai Super Kings,,8,Shane Robert Watson
1175356,2019,1,23/03/2019,Chennai,MA Chidambaram Stadium,Royal Challengers Bangalore,Chennai Super Kings,Chennai Super Kings,field,win,Chennai Super Kings,,7,Harbhajan Singh
1175357,2019,2,24/03/2019,Kolkata,Eden Gardens,Sunrisers Hyderabad,Kolkata Knight Riders,Kolkata Knight Riders,field,win,Kolkata Knight Riders,,6,Andre Dwayne Russell
1175358,2019,3,24/03/2019,Mumbai,Wankhede Stadium,Delhi Capitals,Mumbai Indians,Mumbai Indians,field,win,Delhi Capitals,37,,Rishabh Rajendra Pant
1175359,2019,4,25/03/2019,Jaipur,Sawai Mansingh Stadium,Punjab Kings,Rajasthan Royals,Rajasthan Royals,field,win,Punjab Kings,14,,Christopher Henry Gayle
1175360,2019,5,26/03/2019,Delhi,Arun Jaitley Stadium,Delhi Capitals,Chennai Super Kings,Delhi Capitals,bat,win,Chennai Super Kings,,6,Shane Robert Watson
1175361,2019,6,27/03/2019,Kolkata,Eden Gardens,Kolkata Knight Riders,Punjab Kings,Punjab Kings,field,win,Kolkata Knight Riders,28,,Andre Dwayne Russell
1175362,2019,7,28/03/2019,Bengaluru,M.Chinnaswamy Stadium,Mumbai Indians,Royal Challengers Bangalore,Royal Challengers Bangalore,field,win,Mumbai Indians,6,,Jasprit Jasbirsingh Bumrah
1175363,2019,8,29/03/2019,Hyderabad,Rajiv Gandhi International Stadium,Rajasthan Royals,Sunrisers Hyderabad,Rajasthan Royals,bat,win,Sunrisers Hyderabad,,5,Rashid Khan Arman
1175364,2019,9,30/03/2019,Chandigarh,Punjab Cricket Association IS Bindra Stadium,Mumbai Indians,Punjab Kings,Punjab Kings,field,win,Punjab Kings,,8,Mayank Anurag Agarwal
1175365,2019,10,30/03/2019,Delhi,Arun Jaitley Stadium,Kolkata Knight Riders,Delhi Capitals,Delhi Capitals,field,tie,Delhi Capitals,,,Prithvi Pankaj Shaw
1175366,2019,11,31/03/2019,Hyderabad,Rajiv Gandhi International Stadium,Sunrisers Hyderabad,Royal Challengers Bangalore,Royal Challengers Bangalore,field,win,Sunrisers Hyderabad,118,,Jonathan Marc Bairstow
1175367,2019,12,31/03/2019,Chennai,MA Chidambaram Stadium,Chennai Super Kings,Rajasthan Royals,Rajasthan Royals,field,win,Chennai Super Kings,8,,Mahendra Singh Dhoni
1175368,2019,13,01/04/2019,Chandigarh,Punjab Cricket Association IS Bindra Stadium,Punjab Kings,Delhi Capitals,Delhi Capitals,field,win,Punjab Kings,14,,Samuel Matthew Curran
1175369,2019,14,02/04/2019,Jaipur,Sawai Mansingh Stadium,Royal Challengers Bangalore,Rajasthan Royals,Rajasthan Royals,field,win,Rajasthan Royals,,7,Shreyas Gopal
1175370,2019,15,03/04/2019,Mumbai,Wankhede Stadium,Mumbai Indians,Chennai Super Kings,Chennai Super Kings,field,win,Mumbai Indians,37,,Hardik Himanshu Pandya
1175371,2019,16,04/04/2019,Delhi,Arun Jaitley Stadium,Delhi Capitals,Sunrisers Hyderabad,Sunrisers Hyderabad,field,win,Sunrisers Hyderabad,,5,Jonathan Marc Bairstow
1175372,2019,17,05/04/2019,Bengaluru,M.Chinnaswamy Stadium,Royal Challengers Bangalore,Kolkata Knight Riders,Kolkata Knight Riders,field,win,Kolkata Knight Riders,,5,Andre Dwayne Russell
1178393,2019,18,06/04/2019,Chennai,MA Chidambaram Stadium,Chennai Super Kings,Punjab Kings,Chennai Super Kings,bat,win,Chennai Super Kings,22,,Harbhajan Singh
1178394,2019,19,06/04/2019,Hyderabad,Rajiv Gandhi International Stadium,Mumbai Indians,Sunrisers Hyderabad,Sunrisers Hyderabad,field,win,Mumbai Indians,40,,Alzarri Shaheim Joseph
1178395,2019,20,07/04/2019,Bengaluru,M.Chinnaswamy Stadium,Royal Challengers Bangalore,Delhi Capitals,Delhi Capitals,field,win,Delhi Capitals,,4,Kagiso Rabada
1178396,2019,21,07/04/2019,Jaipur,Sawai Mansingh Stadium,Rajasthan Royals,Kolkata Knight Riders,Kolkata Knight Riders,field,win,Kolkata Knight Riders,,8,Harry Frederick Gurney
1178397,2019,22,08/04/2019,Chandigarh,Punjab Cricket Association IS Bindra Stadium,Sunrisers Hyderabad,Punjab Kings,Punjab Kings,field,win,Punjab Kings,,6,Kannaur Lokesh Rahul
1178398,2019,23,09/04/2019,Chennai,MA Chidambaram Stadium,Kolkata Knight Riders,Chennai Super Kings,Chennai Super Kings,field,win,Chennai Super Kings,,7,Deepak Lokandersingh Chahar
1178399,2019,24,10/04/2019,Mumbai,Wankhede Stadium,Punjab Kings,Mumbai Indians,Mumbai Indians,field,win,Mumbai Indians,,3,Kieron Adrian Pollard
1178400,2019,25,11/04/2019,Jaipur,Sawai Mansingh Stadium,Rajasthan Royals,Chennai Super Kings,Chennai Super Kings,field,win,Chennai Super Kings,,4,Mahendra Singh Dhoni
1178401,2019,26,12/04/2019,Kolkata,Eden Gardens,Kolkata Knight Riders,Delhi Capitals,Delhi Capitals,field,win,Delhi Capitals,,7,Shikhar Dhawan
1178402,2019,27,13/04/2019,Mumbai,Wankhede Stadium,Mumbai Indians,Rajasthan Royals,Rajasthan Royals,field,win,Rajasthan Royals,,4,Joseph Charles Buttler
1178403,2019,28,13/04/2019,Chandigarh,Punjab Cricket Association IS Bindra Stadium,Punjab Kings,Royal Challengers Bangalore,Royal Challengers Bangalore,field,win,Royal Challengers Bangalore,,8,Abraham Benjamin de Villiers
1178404,2019,29,14/04/2019,Kolkata,Eden Gardens,Kolkata Knight Riders,Chennai Super Kings,Chennai Super Kings,field,win,Chennai Super Kings,,5,Mohammad Imran Tahir
1178405,2019,30,14/04/2019,Hyderabad,Rajiv Gandhi International Stadium,Delhi Capitals,Sunrisers Hyderabad,Sunrisers Hyderabad,field,win,Delhi Capitals,39,,Keemo Mandela Angus Paul
1178406,2019,31,15/04/2019,Mumbai,Wankhede Stadium,Royal Challengers Bangalore,Mumbai Indians,Mumbai Indians,field,win,Mumbai Indians,,5,Separamadu Lasith Malinga
1178407,2019,32,16/04/2019,Chandigarh,Punjab Cricket Association IS Bindra Stadium,Punjab Kings,Rajasthan Royals,Rajasthan Royals,field,win,Punjab Kings,12,,Ravichandran Ashwin
1178408,2019,33,17/04/2019,Hyderabad,Rajiv Gandhi International Stadium,Chennai Super Kings,Sunrisers Hyderabad,Chennai Super Kings,bat,win,Sunrisers Hyderabad,,6,David Andrew Warner
1178409,2019,34,18/04/2019,Delhi,Arun Jaitley Stadium,Mumbai Indians,Delhi Capitals,Mumbai Indians,bat,win,Mumbai Indians,40,,Hardik Himanshu Pandya
1178410,2019,35,19/04/2019,Kolkata,Eden Gardens,Royal Challengers Bangalore,Kolkata Knight Riders,Kolkata Knight Riders,field,win,Royal Challengers Bangalore,10,,Virat Kohli
1178411,2019,36,20/04/2019,Jaipur,Sawai Mansingh Stadium,Mumbai Indians,Rajasthan Royals,Rajasthan Royals,field,win,Rajasthan Royals,,5,Steven Peter Devereux Smith
1178412,2019,37,20/04/2019,Delhi,Arun Jaitley Stadium,Punjab Kings,Delhi Capitals,Delhi Capitals,field,win,Delhi Capitals,,5,Shreyas Santosh Iyer
1178413,2019,38,21/04/2019,Hyderabad,Rajiv Gandhi International Stadium,Kolkata Knight Riders,Sunrisers Hyderabad,Sunrisers Hyderabad,field,win,Sunrisers Hyderabad,,9,Khaleel Khursheed Ahmed
1178414,2019,39,21/04/2019,Bengaluru,M.Chinnaswamy Stadium,Royal Challengers Bangalore,Chennai Super Kings,Chennai Super Kings,field,win,Royal Challengers Bangalore,1,,Parthiv Ajay Patel
1178415,2019,40,22/04/2019,Jaipur,Sawai Mansingh Stadium,Rajasthan Royals,Delhi Capitals,Delhi Capitals,field,win,Delhi Capitals,,6,Rishabh Rajendra Pant
1178416,2019,41,23/04/2019,Chennai,MA Chidambaram Stadium,Sunrisers Hyderabad,Chennai Super Kings,Chennai Super Kings,field,win,Chennai Super Kings,,6,Shane Robert Watson
1178417,2019,42,24/04/2019,Bengaluru,M.Chinnaswamy Stadium,Royal Challengers Bangalore,Punjab Kings,Punjab Kings,field,win,Royal Challengers Bangalore,17,,Abraham Benjamin de Villiers
1178418,2019,43,25/04/2019,Kolkata,Eden Gardens,Kolkata Knight Riders,Rajasthan Royals,Rajasthan Royals,field,win,Rajasthan Royals,,3,Varun Raymond Aaron
1178419,2019,44,26/04/2019,Chennai,MA Chidambaram Stadium,Mumbai Indians,Chennai Super Kings,Chennai Super Kings,field,win,Mumbai Indians,46,,Rohit Gurunath Sharma
1178420,2019,45,27/04/2019,Jaipur,Sawai Mansingh Stadium,Sunrisers Hyderabad,Rajasthan Royals,Rajasthan Royals,field,win,Rajasthan Royals,,7,Jaydev Dipakbhai Unadkat
1178421,2019,46,28/04/2019,Delhi,Arun Jaitley Stadium,Delhi Capitals,Royal Challengers Bangalore,Delhi Capitals,bat,win,Delhi Capitals,16,,Shikhar Dhawan
1178422,2019,47,28/04/2019,Kolkata,Eden Gardens,Kolkata Knight Riders,Mumbai Indians,Mumbai Indians,field,win,Kolkata Knight Riders,34,,Andre Dwayne Russell
1178423,2019,48,29/04/2019,Hyderabad,Rajiv Gandhi International Stadium,Sunrisers Hyderabad,Punjab Kings,Punjab Kings,field,win,Sunrisers Hyderabad,45,,David Andrew Warner
1178424,2019,49,30/04/2019,Bengaluru,M.Chinnaswamy Stadium,Royal Challengers Bangalore,Rajasthan Royals,Rajasthan Royals,field,no result,Rajasthan Royals,,,#N/A
1178425,2019,50,01/05/2019,Chennai,MA Chidambaram Stadium,Chennai Super Kings,Delhi Capitals,Delhi Capitals,field,win,Chennai Super Kings,80,,Mahendra Singh Dhoni
1178426,2019,51,02/05/2019,Mumbai,Wankhede Stadium,Mumbai Indians,Sunrisers Hyderabad,Mumbai Indians,bat,tie,Sunrisers Hyderabad,,,Jasprit Jasbirsingh Bumrah
1178427,2019,52,03/05/2019,Chandigarh,Punjab Cricket Association IS Bindra Stadium,Punjab Kings,Kolkata Knight Riders,Kolkata Knight Riders,field,win,Kolkata Knight Riders,,7,Shubman Gill
1178428,2019,53,04/05/2019,Delhi,Arun Jaitley Stadium,Rajasthan Royals,Delhi Capitals,Rajasthan Royals,bat,win,Delhi Capitals,,5,Amit Mishra
1178429,2019,54,04/05/2019,Bengaluru,M.Chinnaswamy Stadium,Sunrisers Hyderabad,Royal Challengers Bangalore,Royal Challengers Bangalore,field,win,Royal Challengers Bangalore,,4,Shimron Odilon Hetmyer
1178430,2019,55,05/05/2019,Chandigarh,Punjab Cricket Association IS Bindra Stadium,Chennai Super Kings,Punjab Kings,Punjab Kings,field,win,Punjab Kings,,6,Kannaur Lokesh Rahul
1178431,2019,56,05/05/2019,Mumbai,Wankhede Stadium,Kolkata Knight Riders,Mumbai Indians,Mumbai Indians,field,win,Mumbai Indians,,9,Hardik Himanshu Pandya
1181764,2019,,07/05/2019,Chennai,MA Chidambaram Stadium,Chennai Super Kings,Mumbai Indians,Chennai Super Kings,bat,win,Mumbai Indians,,6,Suryakumar Ashok Yadav
1181766,2019,,08/05/2019,Visakhapatnam,Dr. Y.S. Rajasekhara Reddy ACA-VDCA Cricket Stadium,Sunrisers Hyderabad,Delhi Capitals,Delhi Capitals,field,win,Delhi Capitals,,2,Rishabh Rajendra Pant
1181767,2019,,10/05/2019,Visakhapatnam,Dr. Y.S. Rajasekhara Reddy ACA-VDCA Cricket Stadium,Delhi Capitals,Chennai Super Kings,Chennai Super Kings,field,win,Chennai Super Kings,,6,Francois du Plessis
1181768,2019,,12/05/2019,Hyderabad,Rajiv Gandhi International Stadium,Mumbai Indians,Chennai Super Kings,Mumbai Indians,bat,win,Mumbai Indians,1,,Jasprit Jasbirsingh Bumrah
1216492,2020/21,1,19/09/2020,Abu Dhabi,Sheikh Zayed Stadium,Mumbai Indians,Chennai Super Kings,Chennai Super Kings,field,win,Chennai Super Kings,,5,Ambati Thirupathi Rayudu
1216493,2020/21,2,20/09/2020,,Dubai International Cricket Stadium,Delhi Capitals,Punjab Kings,Punjab Kings,field,tie,Punjab Kings,,,Marcus Peter Stoinis
1216494,2020/21,39,21/10/2020,Abu Dhabi,Sheikh Zayed Stadium,Kolkata Knight Riders,Royal Challengers Bangalore,Kolkata Knight Riders,bat,win,Royal Challengers Bangalore,,8,Mohammed Siraj
1216495,2020/21,56,03/11/2020,,Sharjah Cricket Stadium,Mumbai Indians,Sunrisers Hyderabad,Sunrisers Hyderabad,field,win,Sunrisers Hyderabad,,10,Shahbaz Nadeem
1216496,2020/21,4,22/09/2020,,Sharjah Cricket Stadium,Rajasthan Royals,Chennai Super Kings,Chennai Super Kings,field,win,Rajasthan Royals,16,,Sanju Viswanath Samson
1216497,2020/21,42,24/10/2020,Abu Dhabi,Sheikh Zayed Stadium,Kolkata Knight Riders,Delhi Capitals,Delhi Capitals,field,win,Kolkata Knight Riders,59,,Varun Chakravarthy Vinod
1216498,2020/21,43,24/10/2020,,Dubai International Cricket Stadium,Punjab Kings,Sunrisers Hyderabad,Sunrisers Hyderabad,field,win,Punjab Kings,12,,Christopher James Jordan
1216499,2020/21,48,28/10/2020,Abu Dhabi,Sheikh Zayed Stadium,Royal Challengers Bangalore,Mumbai Indians,Mumbai Indians,field,win,Mumbai Indians,,5,Suryakumar Ashok Yadav
1216500,2020/21,23,09/10/2020,,Sharjah Cricket Stadium,Delhi Capitals,Rajasthan Royals,Rajasthan Royals,field,win,Delhi Capitals,46,,Ravichandran Ashwin
1216501,2020/21,21,07/10/2020,Abu Dhabi,Sheikh Zayed Stadium,Kolkata Knight Riders,Chennai Super Kings,Kolkata Knight Riders,bat,win,Kolkata Knight Riders,10,,Rahul Ajay Tripathi
1216502,2020/21,52,31/10/2020,,Sharjah Cricket Stadium,Royal Challengers Bangalore,Sunrisers Hyderabad,Sunrisers Hyderabad,field,win,Sunrisers Hyderabad,,5,Sandeep Sharma
1216503,2020/21,13,01/10/2020,Abu Dhabi,Sheikh Zayed Stadium,Mumbai Indians,Punjab Kings,Punjab Kings,field,win,Mumbai Indians,48,,Kieron Adrian Pollard
1216504,2020/21,12,30/09/2020,,Dubai International Cricket Stadium,Kolkata Knight Riders,Rajasthan Royals,Rajasthan Royals,field,win,Kolkata Knight Riders,37,,Shivam Pankaj Mavi
1216505,2020/21,55,02/11/2020,Abu Dhabi,Sheikh Zayed Stadium,Royal Challengers Bangalore,Delhi Capitals,Delhi Capitals,field,win,Delhi Capitals,,6,Anrich Arno Nortje
1216506,2020/21,53,01/11/2020,Abu Dhabi,Sheikh Zayed Stadium,Punjab Kings,Chennai Super Kings,Chennai Super Kings,field,win,Chennai Super Kings,,9,Ruturaj Dashrat Gaikwad
1216507,2020/21,26,11/10/2020,,Dubai International Cricket Stadium,Sunrisers Hyderabad,Rajasthan Royals,Sunrisers Hyderabad,bat,win,Rajasthan Royals,,5,Rahul Tewatia
1216508,2020/21,5,23/09/2020,Abu Dhabi,Sheikh Zayed Stadium,Mumbai Indians,Kolkata Knight Riders,Kolkata Knight Riders,field,win,Mumbai Indians,49,,Rohit Gurunath Sharma
1216509,2020/21,34,17/10/2020,,Sharjah Cricket Stadium,Chennai Super Kings,Delhi Capitals,Chennai Super Kings,bat,win,Delhi Capitals,,5,Shikhar Dhawan
1216510,2020/21,6,24/09/2020,,Dubai International Cricket Stadium,Punjab Kings,Royal Challengers Bangalore,Royal Challengers Bangalore,field,win,Punjab Kings,97,,Kannaur Lokesh Rahul
1216511,2020/21,20,06/10/2020,Abu Dhabi,Sheikh Zayed Stadium,Mumbai Indians,Rajasthan Royals,Mumbai Indians,bat,win,Mumbai Indians,57,,Suryakumar Ashok Yadav
1216512,2020/21,35,18/10/2020,Abu Dhabi,Sheikh Zayed Stadium,Kolkata Knight Riders,Sunrisers Hyderabad,Sunrisers Hyderabad,field,tie,Sunrisers Hyderabad,,,Lachlan Hammond Ferguson
1216513,2020/21,18,04/10/2020,,Dubai International Cricket Stadium,Punjab Kings,Chennai Super Kings,Punjab Kings,bat,win,Chennai Super Kings,,10,Shane Robert Watson
1216514,2020/21,15,03/10/2020,Abu Dhabi,Sheikh Zayed Stadium,Rajasthan Royals,Royal Challengers Bangalore,Rajasthan Royals,bat,win,Royal Challengers Bangalore,,8,Yuzvendra Singh Chahal
1216515,2020/21,16,03/10/2020,,Sharjah Cricket Stadium,Delhi Capitals,Kolkata Knight Riders,Kolkata Knight Riders,field,win,Delhi Capitals,18,,Shreyas Santosh Iyer
1216516,2020/21,14,02/10/2020,,Dubai International Cricket Stadium,Sunrisers Hyderabad,Chennai Super Kings,Sunrisers Hyderabad,bat,win,Sunrisers Hyderabad,7,,Priyam K Garg
1216517,2020/21,36,18/10/2020,,Dubai International Cricket Stadium,Mumbai Indians,Punjab Kings,Mumbai Indians,bat,tie,Punjab Kings,,,Kannaur Lokesh Rahul
1216518,2020/21,40,22/10/2020,,Dubai International Cricket Stadium,Rajasthan Royals,Sunrisers Hyderabad,Sunrisers Hyderabad,field,win,Sunrisers Hyderabad,,8,Manish Krishnanand Pandey
1216519,2020/21,19,05/10/2020,,Dubai International Cricket Stadium,Delhi Capitals,Royal Challengers Bangalore,Royal Challengers Bangalore,field,win,Delhi Capitals,59,,Axar Rajeshbhai Patel
1216520,2020/21,46,26/10/2020,,Sharjah Cricket Stadium,Kolkata Knight Riders,Punjab Kings,Punjab Kings,field,win,Punjab Kings,,8,Christopher Henry Gayle
1216521,2020/21,41,23/10/2020,,Sharjah Cricket Stadium,Chennai Super Kings,Mumbai Indians,Mumbai Indians,field,win,Mumbai Indians,,10,Trent Alexander Boult
1216522,2020/21,33,17/10/2020,,Dubai International Cricket Stadium,Rajasthan Royals,Royal Challengers Bangalore,Rajasthan Royals,bat,win,Royal Challengers Bangalore,,7,Abraham Benjamin de Villiers
1216523,2020/21,24,10/10/2020,Abu Dhabi,Sheikh Zayed Stadium,Kolkata Knight Riders,Punjab Kings,Kolkata Knight Riders,bat,win,Kolkata Knight Riders,2,,Krishnakumar Dinesh Karthik
1216524,2020/21,47,27/10/2020,,Dubai International Cricket Stadium,Sunrisers Hyderabad,Delhi Capitals,Delhi Capitals,field,win,Sunrisers Hyderabad,88,,Wriddhiman Prasanta Saha
1216525,2020/21,25,10/10/2020,,Dubai International Cricket Stadium,Royal Challengers Bangalore,Chennai Super Kings,Royal Challengers Bangalore,bat,win,Royal Challengers Bangalore,37,,Virat Kohli
1216526,2020/21,32,16/10/2020,Abu Dhabi,Sheikh Zayed Stadium,Kolkata Knight Riders,Mumbai Indians,Kolkata Knight Riders,bat,win,Mumbai Indians,,8,Quinton de Kock
1216527,2020/21,9,27/09/2020,,Sharjah Cricket Stadium,Punjab Kings,Rajasthan Royals,Rajasthan Royals,field,win,Rajasthan Royals,,4,Sanju Viswanath Samson
1216528,2020/21,29,13/10/2020,,Dubai International Cricket Stadium,Chennai Super Kings,Sunrisers Hyderabad,Chennai Super Kings,bat,win,Chennai Super Kings,20,,Ravindrasinh Anirudhsinh Jadeja
1216529,2020/21,27,11/10/2020,Abu Dhabi,Sheikh Zayed Stadium,Delhi Capitals,Mumbai Indians,Delhi Capitals,bat,win,Mumbai Indians,,5,Quinton de Kock
1216530,2020/21,54,01/11/2020,,Dubai International Cricket Stadium,Kolkata Knight Riders,Rajasthan Royals,Rajasthan Royals,field,win,Kolkata Knight Riders,60,,Patrick James Cummins
1216531,2020/21,31,15/10/2020,,Sharjah Cricket Stadium,Royal Challengers Bangalore,Punjab Kings,Royal Challengers Bangalore,bat,win,Punjab Kings,,8,Kannaur Lokesh Rahul
1216532,2020/21,11,29/09/2020,Abu Dhabi,Sheikh Zayed Stadium,Sunrisers Hyderabad,Delhi Capitals,Delhi Capitals,field,win,Sunrisers Hyderabad,15,,Rashid Khan Arman
1216533,2020/21,37,19/10/2020,Abu Dhabi,Sheikh Zayed Stadium,Chennai Super Kings,Rajasthan Royals,Chennai Super Kings,bat,win,Rajasthan Royals,,7,Joseph Charles Buttler
1216534,2020/21,3,21/09/2020,,Dubai International Cricket Stadium,Royal Challengers Bangalore,Sunrisers Hyderabad,Sunrisers Hyderabad,field,win,Royal Challengers Bangalore,10,,Yuzvendra Singh Chahal
1216535,2020/21,51,31/10/2020,,Dubai International Cricket Stadium,Delhi Capitals,Mumbai Indians,Mumbai Indians,field,win,Mumbai Indians,,9,Ishan Pranav Kumar Pandey Kishan
1216536,2020/21,49,29/10/2020,,Dubai International Cricket Stadium,Kolkata Knight Riders,Chennai Super Kings,Chennai Super Kings,field,win,Chennai Super Kings,,6,Ruturaj Dashrat Gaikwad
1216537,2020/21,50,30/10/2020,Abu Dhabi,Sheikh Zayed Stadium,Punjab Kings,Rajasthan Royals,Rajasthan Royals,field,win,Rajasthan Royals,,7,Benjamin Andrew Stokes
1216538,2020/21,17,04/10/2020,,Sharjah Cricket Stadium,Mumbai Indians,Sunrisers Hyderabad,Mumbai Indians,bat,win,Mumbai Indians,34,,Trent Alexander Boult
1216539,2020/21,7,25/09/2020,,Dubai International Cricket Stadium,Delhi Capitals,Chennai Super Kings,Chennai Super Kings,field,win,Delhi Capitals,44,,Prithvi Pankaj Shaw
1216540,2020/21,28,12/10/2020,,Sharjah Cricket Stadium,Royal Challengers Bangalore,Kolkata Knight Riders,Royal Challengers Bangalore,bat,win,Royal Challengers Bangalore,82,,Abraham Benjamin de Villiers
1216541,2020/21,45,25/10/2020,Abu Dhabi,Sheikh Zayed Stadium,Mumbai Indians,Rajasthan Royals,Mumbai Indians,bat,win,Rajasthan Royals,,8,Benjamin Andrew Stokes
1216542,2020/21,22,08/10/2020,,Dubai International Cricket Stadium,Sunrisers Hyderabad,Punjab Kings,Sunrisers Hyderabad,bat,win,Sunrisers Hyderabad,69,,Jonathan Marc Bairstow
1216543,2020/21,30,14/10/2020,,Dubai International Cricket Stadium,Delhi Capitals,Rajasthan Royals,Delhi Capitals,bat,win,Delhi Capitals,13,,Anrich Arno Nortje
1216544,2020/21,44,25/10/2020,,Dubai International Cricket Stadium,Royal Challengers Bangalore,Chennai Super Kings,Royal Challengers Bangalore,bat,win,Chennai Super Kings,,8,Ruturaj Dashrat Gaikwad
1216545,2020/21,8,26/09/2020,Abu Dhabi,Sheikh Zayed Stadium,Sunrisers Hyderabad,Kolkata Knight Riders,Sunrisers Hyderabad,bat,win,Kolkata Knight Riders,,7,Shubman Gill
1216546,2020/21,38,20/10/2020,,Dubai International Cricket Stadium,Delhi Capitals,Punjab Kings,Delhi Capitals,bat,win,Punjab Kings,,5,Shikhar Dhawan
1216547,2020/21,10,28/09/2020,,Dubai International Cricket Stadium,Royal Challengers Bangalore,Mumbai Indians,Mumbai Indians,field,tie,Mumbai Indians,,,Abraham Benjamin de Villiers
1237177,2020/21,,05/11/2020,,Dubai International Cricket Stadium,Mumbai Indians,Delhi Capitals,Delhi Capitals,field,win,Mumbai Indians,57,,Jasprit Jasbirsingh Bumrah
1237178,2020/21,,06/11/2020,Abu Dhabi,Sheikh Zayed Stadium,Royal Challengers Bangalore,Sunrisers Hyderabad,Sunrisers Hyderabad,field,win,Sunrisers Hyderabad,,6,Kane Stuart Williamson
1237180,2020/21,,08/11/2020,Abu Dhabi,Sheikh Zayed Stadium,Delhi Capitals,Sunrisers Hyderabad,Delhi Capitals,bat,win,Delhi Capitals,17,,Marcus Peter Stoinis
1237181,2020/21,,10/11/2020,,Dubai International Cricket Stadium,Delhi Capitals,Mumbai Indians,Delhi Capitals,bat,win,Mumbai Indians,,5,Trent Alexander Boult
1254058,2021,1,09/04/2021,Chennai,"MA Chidambaram Stadium, Chepauk, Chennai",Mumbai Indians,Royal Challengers Bangalore,Royal Challengers Bangalore,field,win,Royal Challengers Bangalore,,2,Harshal Vikram Patel
1254059,2021,2,10/04/2021,Mumbai,"Wankhede Stadium, Mumbai",Chennai Super Kings,Delhi Capitals,Delhi Capitals,field,win,Delhi Capitals,,7,Shikhar Dhawan
1254060,2021,3,11/04/2021,Chennai,"MA Chidambaram Stadium, Chepauk, Chennai",Kolkata Knight Riders,Sunrisers Hyderabad,Sunrisers Hyderabad,field,win,Kolkata Knight Riders,10,,Nitish Rana
1254061,2021,4,12/04/2021,Mumbai,"Wankhede Stadium, Mumbai",Punjab Kings,Rajasthan Royals,Rajasthan Royals,field,win,Punjab Kings,4,,Sanju Viswanath Samson
1254062,2021,5,13/04/2021,Chennai,"MA Chidambaram Stadium, Chepauk, Chennai",Mumbai Indians,Kolkata Knight Riders,Kolkata Knight Riders,field,win,Mumbai Indians,10,,Rahul Desraj Chahar
1254063,2021,6,14/04/2021,Chennai,"MA Chidambaram Stadium, Chepauk, Chennai",Royal Challengers Bangalore,Sunrisers Hyderabad,Sunrisers Hyderabad,field,win,Royal Challengers Bangalore,6,,Glenn James Maxwell
1254064,2021,7,15/04/2021,Mumbai,"Wankhede Stadium, Mumbai",Delhi Capitals,Rajasthan Royals,Rajasthan Royals,field,win,Rajasthan Royals,,3,Jaydev Dipakbhai Unadkat
1254065,2021,8,16/04/2021,Mumbai,"Wankhede Stadium, Mumbai",Punjab Kings,Chennai Super Kings,Chennai Super Kings,field,win,Chennai Super Kings,,6,Deepak Lokandersingh Chahar
1254066,2021,9,17/04/2021,Chennai,"MA Chidambaram Stadium, Chepauk, Chennai",Mumbai Indians,Sunrisers Hyderabad,Mumbai Indians,bat,win,Mumbai Indians,13,,Kieron Adrian Pollard
1254067,2021,10,18/04/2021,Chennai,"MA Chidambaram Stadium, Chepauk, Chennai",Royal Challengers Bangalore,Kolkata Knight Riders,Royal Challengers Bangalore,bat,win,Royal Challengers Bangalore,38,,Abraham Benjamin de Villiers
1254068,2021,11,18/04/2021,Mumbai,"Wankhede Stadium, Mumbai",Punjab Kings,Delhi Capitals,Delhi Capitals,field,win,Delhi Capitals,,6,Shikhar Dhawan
1254069,2021,12,19/04/2021,Mumbai,"Wankhede Stadium, Mumbai",Chennai Super Kings,Rajasthan Royals,Rajasthan Royals,field,win,Chennai Super Kings,45,,Moeen Munir Ali
1254070,2021,13,20/04/2021,Chennai,"MA Chidambaram Stadium, Chepauk, Chennai",Mumbai Indians,Delhi Capitals,Mumbai Indians,bat,win,Delhi Capitals,,6,Amit Mishra
1254071,2021,14,21/04/2021,Chennai,"MA Chidambaram Stadium, Chepauk, Chennai",Punjab Kings,Sunrisers Hyderabad,Punjab Kings,bat,win,Sunrisers Hyderabad,,9,Jonathan Marc Bairstow
1254072,2021,15,21/04/2021,Mumbai,"Wankhede Stadium, Mumbai",Chennai Super Kings,Kolkata Knight Riders,Kolkata Knight Riders,field,win,Chennai Super Kings,18,,Francois du Plessis
1254073,2021,16,22/04/2021,Mumbai,"Wankhede Stadium, Mumbai",Rajasthan Royals,Royal Challengers Bangalore,Royal Challengers Bangalore,field,win,Royal Challengers Bangalore,,10,Devdutt Padikkal
1254074,2021,17,23/04/2021,Chennai,"MA Chidambaram Stadium, Chepauk, Chennai",Mumbai Indians,Punjab Kings,Punjab Kings,field,win,Punjab Kings,,9,Kannaur Lokesh Rahul
1254075,2021,18,24/04/2021,Mumbai,"Wankhede Stadium, Mumbai",Kolkata Knight Riders,Rajasthan Royals,Rajasthan Royals,field,win,Rajasthan Royals,,6,Christopher Henry Morris
1254076,2021,19,25/04/2021,Mumbai,"Wankhede Stadium, Mumbai",Chennai Super Kings,Royal Challengers Bangalore,Chennai Super Kings,bat,win,Chennai Super Kings,69,,Ravindrasinh Anirudhsinh Jadeja
1254077,2021,20,25/04/2021,Chennai,"MA Chidambaram Stadium, Chepauk, Chennai",Delhi Capitals,Sunrisers Hyderabad,Delhi Capitals,bat,tie,Sunrisers Hyderabad,,,Prithvi Pankaj Shaw
1254078,2021,21,26/04/2021,Ahmedabad,"Narendra Modi Stadium, Ahmedabad",Punjab Kings,Kolkata Knight Riders,Kolkata Knight Riders,field,win,Kolkata Knight Riders,,5,Eoin Joseph Gerard Morgan
1254079,2021,22,27/04/2021,Ahmedabad,"Narendra Modi Stadium, Ahmedabad",Royal Challengers Bangalore,Delhi Capitals,Delhi Capitals,field,win,Royal Challengers Bangalore,1,,Abraham Benjamin de Villiers
1254080,2021,23,28/04/2021,Delhi,"Arun Jaitley Stadium, Delhi",Sunrisers Hyderabad,Chennai Super Kings,Sunrisers Hyderabad,bat,win,Chennai Super Kings,,7,Ruturaj Dashrat Gaikwad
1254081,2021,24,29/04/2021,Delhi,"Arun Jaitley Stadium, Delhi",Rajasthan Royals,Mumbai Indians,Mumbai Indians,field,win,Mumbai Indians,,7,Quinton de Kock
1254082,2021,25,29/04/2021,Ahmedabad,"Narendra Modi Stadium, Ahmedabad",Kolkata Knight Riders,Delhi Capitals,Delhi Capitals,field,win,Delhi Capitals,,7,Prithvi Pankaj Shaw
1254083,2021,26,30/04/2021,Ahmedabad,"Narendra Modi Stadium, Ahmedabad",Punjab Kings,Royal Challengers Bangalore,Royal Challengers Bangalore,field,win,Punjab Kings,34,,Harpreet Brar
1254084,2021,27,01/05/2021,Delhi,"Arun Jaitley Stadium, Delhi",Chennai Super Kings,Mumbai Indians,Mumbai Indians,field,win,Mumbai Indians,,4,Kieron Adrian Pollard
1254085,2021,28,02/05/2021,Delhi,"Arun Jaitley Stadium, Delhi",Rajasthan Royals,Sunrisers Hyderabad,Sunrisers Hyderabad,field,win,Rajasthan Royals,55,,Joseph Charles Buttler
1254086,2021,29,02/05/2021,Ahmedabad,"Narendra Modi Stadium, Ahmedabad",Punjab Kings,Delhi Capitals,Delhi Capitals,field,win,Delhi Capitals,,7,Mayank Anurag Agarwal
1254087,2021,31,20/09/2021,Abu Dhabi,"Zayed Cricket Stadium, Abu Dhabi",Royal Challengers Bangalore,Kolkata Knight Riders,Royal Challengers Bangalore,bat,win,Kolkata Knight Riders,,9,Varun Chakravarthy Vinod
1254088,2021,55,08/10/2021,Abu Dhabi,"Zayed Cricket Stadium, Abu Dhabi",Mumbai Indians,Sunrisers Hyderabad,Mumbai Indians,bat,win,Mumbai Indians,42,,Ishan Pranav Kumar Pandey Kishan
1254089,2021,47,02/10/2021,Abu Dhabi,"Zayed Cricket Stadium, Abu Dhabi",Chennai Super Kings,Rajasthan Royals,Rajasthan Royals,field,win,Rajasthan Royals,,7,Ruturaj Dashrat Gaikwad
1254090,2021,48,03/10/2021,Sharjah,Sharjah Cricket Stadium,Royal Challengers Bangalore,Punjab Kings,Royal Challengers Bangalore,bat,win,Royal Challengers Bangalore,6,,Glenn James Maxwell
1254091,2021,44,30/09/2021,Sharjah,Sharjah Cricket Stadium,Sunrisers Hyderabad,Chennai Super Kings,Chennai Super Kings,field,win,Chennai Super Kings,,6,Josh Reginald Hazlewood
1254092,2021,41,28/09/2021,Sharjah,Sharjah Cricket Stadium,Delhi Capitals,Kolkata Knight Riders,Kolkata Knight Riders,field,win,Kolkata Knight Riders,,3,Sunil Philip Narine
1254093,2021,51,05/10/2021,Sharjah,Sharjah Cricket Stadium,Rajasthan Royals,Mumbai Indians,Mumbai Indians,field,win,Mumbai Indians,,8,Nathan Mitchell Coulter-Nile
1254094,2021,53,07/10/2021,Dubai,Dubai International Cricket Stadium,Chennai Super Kings,Punjab Kings,Punjab Kings,field,win,Punjab Kings,,6,Kannaur Lokesh Rahul
1254095,2021,52,06/10/2021,Abu Dhabi,"Zayed Cricket Stadium, Abu Dhabi",Sunrisers Hyderabad,Royal Challengers Bangalore,Royal Challengers Bangalore,field,win,Sunrisers Hyderabad,4,,Kane Stuart Williamson
1254096,2021,34,23/09/2021,Abu Dhabi,"Zayed Cricket Stadium, Abu Dhabi",Mumbai Indians,Kolkata Knight Riders,Kolkata Knight Riders,field,win,Kolkata Knight Riders,,7,Sunil Philip Narine
1254097,2021,36,25/09/2021,Abu Dhabi,"Zayed Cricket Stadium, Abu Dhabi",Delhi Capitals,Rajasthan Royals,Rajasthan Royals,field,win,Delhi Capitals,33,,Shreyas Santosh Iyer
1254098,2021,38,26/09/2021,Abu Dhabi,"Zayed Cricket Stadium, Abu Dhabi",Kolkata Knight Riders,Chennai Super Kings,Kolkata Knight Riders,bat,win,Chennai Super Kings,,2,Ravindrasinh Anirudhsinh Jadeja
1254099,2021,42,28/09/2021,Abu Dhabi,"Zayed Cricket Stadium, Abu Dhabi",Punjab Kings,Mumbai Indians,Mumbai Indians,field,win,Mumbai Indians,,6,Kieron Adrian Pollard
1254100,2021,40,27/09/2021,Dubai,Dubai International Cricket Stadium,Rajasthan Royals,Sunrisers Hyderabad,Rajasthan Royals,bat,win,Sunrisers Hyderabad,,7,Jason Jonathan Roy
1254101,2021,56,08/10/2021,Dubai,Dubai International Cricket Stadium,Delhi Capitals,Royal Challengers Bangalore,Royal Challengers Bangalore,field,win,Royal Challengers Bangalore,,7,Kona Srikar Bharat
1254102,2021,45,01/10/2021,Dubai,Dubai International Cricket Stadium,Kolkata Knight Riders,Punjab Kings,Punjab Kings,field,win,Punjab Kings,,5,Kannaur Lokesh Rahul
1254103,2021,43,29/09/2021,Dubai,Dubai International Cricket Stadium,Rajasthan Royals,Royal Challengers Bangalore,Royal Challengers Bangalore,field,win,Royal Challengers Bangalore,,7,Yuzvendra Singh Chahal
1254104,2021,30,19/09/2021,Dubai,Dubai International Cricket Stadium,Chennai Super Kings,Mumbai Indians,Chennai Super Kings,bat,win,Chennai Super Kings,20,,Ruturaj Dashrat Gaikwad
1254105,2021,33,22/09/2021,Dubai,Dubai International Cricket Stadium,Sunrisers Hyderabad,Delhi Capitals,Sunrisers Hyderabad,bat,win,Delhi Capitals,,8,Anrich Arno Nortje
1254106,2021,54,07/10/2021,Sharjah,Sharjah Cricket Stadium,Kolkata Knight Riders,Rajasthan Royals,Rajasthan Royals,field,win,Kolkata Knight Riders,86,,Shivam Pankaj Mavi
1254107,2021,37,25/09/2021,Sharjah,Sharjah Cricket Stadium,Punjab Kings,Sunrisers Hyderabad,Sunrisers Hyderabad,field,win,Punjab Kings,5,,Jason Omar Holder
1254108,2021,39,26/09/2021,Dubai,Dubai International Cricket Stadium,Royal Challengers Bangalore,Mumbai Indians,Mumbai Indians,field,win,Royal Challengers Bangalore,54,,Glenn James Maxwell
1254109,2021,49,03/10/2021,Dubai,Dubai International Cricket Stadium,Sunrisers Hyderabad,Kolkata Knight Riders,Sunrisers Hyderabad,bat,win,Kolkata Knight Riders,,6,Shubman Gill
1254110,2021,50,04/10/2021,Dubai,Dubai International Cricket Stadium,Chennai Super Kings,Delhi Capitals,Delhi Capitals,field,win,Delhi Capitals,,3,Axar Rajeshbhai Patel
1254111,2021,32,21/09/2021,Dubai,Dubai International Cricket Stadium,Rajasthan Royals,Punjab Kings,Punjab Kings,field,win,Rajasthan Royals,2,,Kartik Tyagi
1254112,2021,46,02/10/2021,Sharjah,Sharjah Cricket Stadium,Mumbai Indians,Delhi Capitals,Delhi Capitals,field,win,Delhi Capitals,,4,Axar Rajeshbhai Patel
1254113,2021,35,24/09/2021,Sharjah,Sharjah Cricket Stadium,Royal Challengers Bangalore,Chennai Super Kings,Chennai Super Kings,field,win,Chennai Super Kings,,6,Dwayne John Bravo
1254114,2021,,10/10/2021,Dubai,Dubai International Cricket Stadium,Delhi Capitals,Chennai Super Kings,Chennai Super Kings,field,win,Chennai Super Kings,,4,Ruturaj Dashrat Gaikwad
1254115,2021,,11/10/2021,Sharjah,Sharjah Cricket Stadium,Royal Challengers Bangalore,Kolkata Knight Riders,Royal Challengers Bangalore,bat,win,Kolkata Knight Riders,,4,Sunil Philip Narine
1254116,2021,,13/10/2021,Sharjah,Sharjah Cricket Stadium,Delhi Capitals,Kolkata Knight Riders,Kolkata Knight Riders,field,win,Kolkata Knight Riders,,3,Venkatesh Rajasekaran Iyer
1254117,2021,,15/10/2021,Dubai,Dubai International Cricket Stadium,Chennai Super Kings,Kolkata Knight Riders,Kolkata Knight Riders,field,win,Chennai Super Kings,27,,Francois du Plessis
1304047,2022,1,26/03/2022,Mumbai,"Wankhede Stadium, Mumbai",Chennai Super Kings,Kolkata Knight Riders,Kolkata Knight Riders,field,win,Kolkata Knight Riders,,6,Umeshkumar Tilak Yadav
1304048,2022,2,27/03/2022,Mumbai,"Brabourne Stadium, Mumbai",Mumbai Indians,Delhi Capitals,Delhi Capitals,field,win,Delhi Capitals,,4,Kuldeep Yadav
1304049,2022,3,27/03/2022,Mumbai,"Dr DY Patil Sports Academy, Mumbai",Royal Challengers Bangalore,Punjab Kings,Punjab Kings,field,win,Punjab Kings,,5,Odean Fabian Smith
1304050,2022,4,28/03/2022,Mumbai,"Wankhede Stadium, Mumbai",Lucknow Super Giants,Gujarat Titans,Gujarat Titans,field,win,Gujarat Titans,,5,Mohammed Shami Ahmed
1304051,2022,5,29/03/2022,Pune,"Maharashtra Cricket Association Stadium, Pune",Rajasthan Royals,Sunrisers Hyderabad,Sunrisers Hyderabad,field,win,Rajasthan Royals,61,,Sanju Viswanath Samson
1304052,2022,6,30/03/2022,Mumbai,"Dr DY Patil Sports Academy, Mumbai",Kolkata Knight Riders,Royal Challengers Bangalore,Royal Challengers Bangalore,field,win,Royal Challengers Bangalore,,3,Pinnaduwage Wanindu Hasaranga de Silva
1304053,2022,7,31/03/2022,Mumbai,"Brabourne Stadium, Mumbai",Chennai Super Kings,Lucknow Super Giants,Lucknow Super Giants,field,win,Lucknow Super Giants,,6,Evin Lewis
1304054,2022,8,01/04/2022,Mumbai,"Wankhede Stadium, Mumbai",Punjab Kings,Kolkata Knight Riders,Kolkata Knight Riders,field,win,Kolkata Knight Riders,,6,Umeshkumar Tilak Yadav
1304055,2022,9,02/04/2022,Mumbai,"Dr DY Patil Sports Academy, Mumbai",Rajasthan Royals,Mumbai Indians,Mumbai Indians,field,win,Rajasthan Royals,23,,Joseph Charles Buttler
1304056,2022,10,02/04/2022,Pune,"Maharashtra Cricket Association Stadium, Pune",Gujarat Titans,Delhi Capitals,Delhi Capitals,field,win,Gujarat Titans,14,,Lachlan Hammond Ferguson
1304057,2022,11,03/04/2022,Mumbai,"Brabourne Stadium, Mumbai",Punjab Kings,Chennai Super Kings,Chennai Super Kings,field,win,Punjab Kings,54,,Liam Stephen Livingstone
1304058,2022,12,04/04/2022,Mumbai,"Dr DY Patil Sports Academy, Mumbai",Lucknow Super Giants,Sunrisers Hyderabad,Sunrisers Hyderabad,field,win,Lucknow Super Giants,12,,Avesh Khan
1304059,2022,13,05/04/2022,Mumbai,"Wankhede Stadium, Mumbai",Rajasthan Royals,Royal Challengers Bangalore,Royal Challengers Bangalore,field,win,Royal Challengers Bangalore,,4,Krishnakumar Dinesh Karthik
1304060,2022,14,06/04/2022,Pune,"Maharashtra Cricket Association Stadium, Pune",Mumbai Indians,Kolkata Knight Riders,Kolkata Knight Riders,field,win,Kolkata Knight Riders,,5,Patrick James Cummins
1304061,2022,15,07/04/2022,Mumbai,"Dr DY Patil Sports Academy, Mumbai",Delhi Capitals,Lucknow Super Giants,Lucknow Super Giants,field,win,Lucknow Super Giants,,6,Quinton de Kock
1304062,2022,16,08/04/2022,Mumbai,"Brabourne Stadium, Mumbai",Punjab Kings,Gujarat Titans,Gujarat Titans,field,win,Gujarat Titans,,6,Shubman Gill
1304063,2022,17,09/04/2022,Mumbai,"Dr DY Patil Sports Academy, Mumbai",Chennai Super Kings,Sunrisers Hyderabad,Sunrisers Hyderabad,field,win,Sunrisers Hyderabad,,8,Abhishek Sharma
1304064,2022,18,09/04/2022,Pune,"Maharashtra Cricket Association Stadium, Pune",Mumbai Indians,Royal Challengers Bangalore,Royal Challengers Bangalore,field,win,Royal Challengers Bangalore,,7,Anuj Rawat
1304065,2022,19,10/04/2022,Mumbai,"Brabourne Stadium, Mumbai",Delhi Capitals,Kolkata Knight Riders,Kolkata Knight Riders,field,win,Delhi Capitals,44,,Kuldeep Yadav
1304066,2022,20,10/04/2022,Mumbai,"Wankhede Stadium, Mumbai",Rajasthan Royals,Lucknow Super Giants,Lucknow Super Giants,field,win,Rajasthan Royals,3,,Yuzvendra Singh Chahal
1304067,2022,21,11/04/2022,Mumbai,"Dr DY Patil Sports Academy, Mumbai",Gujarat Titans,Sunrisers Hyderabad,Sunrisers Hyderabad,field,win,Sunrisers Hyderabad,,8,Kane Stuart Williamson
1304068,2022,22,12/04/2022,Mumbai,"Dr DY Patil Sports Academy, Mumbai",Chennai Super Kings,Royal Challengers Bangalore,Royal Challengers Bangalore,field,win,Chennai Super Kings,23,,Shivam Dube
1304069,2022,23,13/04/2022,Pune,"Maharashtra Cricket Association Stadium, Pune",Punjab Kings,Mumbai Indians,Mumbai Indians,field,win,Punjab Kings,12,,Mayank Anurag Agarwal
1304070,2022,24,14/04/2022,Mumbai,"Dr DY Patil Sports Academy, Mumbai",Gujarat Titans,Rajasthan Royals,Rajasthan Royals,field,win,Gujarat Titans,37,,Hardik Himanshu Pandya
1304071,2022,25,15/04/2022,Mumbai,"Brabourne Stadium, Mumbai",Kolkata Knight Riders,Sunrisers Hyderabad,Sunrisers Hyderabad,field,win,Sunrisers Hyderabad,,7,Rahul Ajay Tripathi
1304072,2022,26,16/04/2022,Mumbai,"Brabourne Stadium, Mumbai",Lucknow Super Giants,Mumbai Indians,Mumbai Indians,field,win,Lucknow Super Giants,18,,Kannaur Lokesh Rahul
1304073,2022,27,16/04/2022,Mumbai,"Wankhede Stadium, Mumbai",Royal Challengers Bangalore,Delhi Capitals,Delhi Capitals,field,win,Royal Challengers Bangalore,16,,Krishnakumar Dinesh Karthik
1304074,2022,28,17/04/2022,Mumbai,"Dr DY Patil Sports Academy, Mumbai",Punjab Kings,Sunrisers Hyderabad,Sunrisers Hyderabad,field,win,Sunrisers Hyderabad,,7,Umran Malik
1304075,2022,29,17/04/2022,Pune,"Maharashtra Cricket Association Stadium, Pune",Chennai Super Kings,Gujarat Titans,Gujarat Titans,field,win,Gujarat Titans,,3,David Andrew Miller
1304076,2022,30,18/04/2022,Mumbai,"Brabourne Stadium, Mumbai",Rajasthan Royals,Kolkata Knight Riders,Kolkata Knight Riders,field,win,Rajasthan Royals,7,,Yuzvendra Singh Chahal
1304077,2022,31,19/04/2022,Mumbai,"Dr DY Patil Sports Academy, Mumbai",Royal Challengers Bangalore,Lucknow Super Giants,Lucknow Super Giants,field,win,Royal Challengers Bangalore,18,,Francois du Plessis
1304078,2022,32,20/04/2022,Mumbai,"Brabourne Stadium, Mumbai",Punjab Kings,Delhi Capitals,Delhi Capitals,field,win,Delhi Capitals,,9,Kuldeep Yadav
1304079,2022,33,21/04/2022,Navi Mumbai,"Dr DY Patil Sports Academy, Mumbai",Mumbai Indians,Chennai Super Kings,Chennai Super Kings,field,win,Chennai Super Kings,,3,Mukesh Choudhary
1304080,2022,34,22/04/2022,Mumbai,"Wankhede Stadium, Mumbai",Rajasthan Royals,Delhi Capitals,Delhi Capitals,field,win,Rajasthan Royals,15,,Joseph Charles Buttler
1304081,2022,35,23/04/2022,Navi Mumbai,"Dr DY Patil Sports Academy, Mumbai",Gujarat Titans,Kolkata Knight Riders,Gujarat Titans,bat,win,Gujarat Titans,8,,Rashid Khan Arman
1304082,2022,36,23/04/2022,Mumbai,"Brabourne Stadium, Mumbai",Royal Challengers Bangalore,Sunrisers Hyderabad,Sunrisers Hyderabad,field,win,Sunrisers Hyderabad,,9,Marco Jansen
1304083,2022,37,24/04/2022,Mumbai,"Wankhede Stadium, Mumbai",Lucknow Super Giants,Mumbai Indians,Mumbai Indians,field,win,Lucknow Super Giants,36,,Kannaur Lokesh Rahul
1304084,2022,38,25/04/2022,Mumbai,"Wankhede Stadium, Mumbai",Punjab Kings,Chennai Super Kings,Chennai Super Kings,field,win,Punjab Kings,11,,Shikhar Dhawan
1304085,2022,39,26/04/2022,Pune,"Maharashtra Cricket Association Stadium, Pune",Rajasthan Royals,Royal Challengers Bangalore,Royal Challengers Bangalore,field,win,Rajasthan Royals,29,,Riyan Parag
1304086,2022,40,27/04/2022,Mumbai,"Wankhede Stadium, Mumbai",Sunrisers Hyderabad,Gujarat Titans,Gujarat Titans,field,win,Gujarat Titans,,5,Umran Malik
1304087,2022,41,28/04/2022,Mumbai,"Wankhede Stadium, Mumbai",Kolkata Knight Riders,Delhi Capitals,Delhi Capitals,field,win,Delhi Capitals,,4,Kuldeep Yadav
1304088,2022,42,29/04/2022,Pune,"Maharashtra Cricket Association Stadium, Pune",Lucknow Super Giants,Punjab Kings,Punjab Kings,field,win,Lucknow Super Giants,20,,Krunal Himanshu Pandya
1304089,2022,43,30/04/2022,Mumbai,"Brabourne Stadium, Mumbai",Royal Challengers Bangalore,Gujarat Titans,Royal Challengers Bangalore,bat,win,Gujarat Titans,,6,Rahul Tewatia
1304090,2022,44,30/04/2022,Navi Mumbai,"Dr DY Patil Sports Academy, Mumbai",Rajasthan Royals,Mumbai Indians,Mumbai Indians,field,win,Mumbai Indians,,5,Suryakumar Ashok Yadav
1304091,2022,45,01/05/2022,Mumbai,"Wankhede Stadium, Mumbai",Lucknow Super Giants,Delhi Capitals,Lucknow Super Giants,bat,win,Lucknow Super Giants,6,,Mohsin Khan
1304092,2022,46,01/05/2022,Pune,"Maharashtra Cricket Association Stadium, Pune",Chennai Super Kings,Sunrisers Hyderabad,Sunrisers Hyderabad,field,win,Chennai Super Kings,13,,Ruturaj Dashrat Gaikwad
1304093,2022,47,02/05/2022,Mumbai,"Wankhede Stadium, Mumbai",Rajasthan Royals,Kolkata Knight Riders,Kolkata Knight Riders,field,win,Kolkata Knight Riders,,7,Rinku Khanchand Singh
1304094,2022,48,03/05/2022,Navi Mumbai,"Dr DY Patil Sports Academy, Mumbai",Gujarat Titans,Punjab Kings,Gujarat Titans,bat,win,Punjab Kings,,8,Kagiso Rabada
1304095,2022,49,04/05/2022,Pune,"Maharashtra Cricket Association Stadium, Pune",Royal Challengers Bangalore,Chennai Super Kings,Chennai Super Kings,field,win,Royal Challengers Bangalore,13,,Harshal Vikram Patel
1304096,2022,50,05/05/2022,Mumbai,"Brabourne Stadium, Mumbai",Delhi Capitals,Sunrisers Hyderabad,Sunrisers Hyderabad,field,win,Delhi Capitals,21,,David Andrew Warner
1304097,2022,51,06/05/2022,Mumbai,"Brabourne Stadium, Mumbai",Mumbai Indians,Gujarat Titans,Gujarat Titans,field,win,Mumbai Indians,5,,Timothy Hays David
1304098,2022,52,07/05/2022,Mumbai,"Wankhede Stadium, Mumbai",Punjab Kings,Rajasthan Royals,Punjab Kings,bat,win,Rajasthan Royals,,6,Yashasvi Bhupendra Kumar Jaiswal
1304099,2022,53,07/05/2022,Pune,"Maharashtra Cricket Association Stadium, Pune",Lucknow Super Giants,Kolkata Knight Riders,Kolkata Knight Riders,field,win,Lucknow Super Giants,75,,Avesh Khan
1304100,2022,54,08/05/2022,Mumbai,"Wankhede Stadium, Mumbai",Royal Challengers Bangalore,Sunrisers Hyderabad,Royal Challengers Bangalore,bat,win,Royal Challengers Bangalore,67,,Pinnaduwage Wanindu Hasaranga de Silva
1304101,2022,55,08/05/2022,Navi Mumbai,"Dr DY Patil Sports Academy, Mumbai",Chennai Super Kings,Delhi Capitals,Delhi Capitals,field,win,Chennai Super Kings,91,,Devon Philip Conway
1304102,2022,56,09/05/2022,Navi Mumbai,"Dr DY Patil Sports Academy, Mumbai",Kolkata Knight Riders,Mumbai Indians,Mumbai Indians,field,win,Kolkata Knight Riders,52,,Jasprit Jasbirsingh Bumrah
1304103,2022,57,10/05/2022,Pune,"Maharashtra Cricket Association Stadium, Pune",Gujarat Titans,Lucknow Super Giants,Gujarat Titans,bat,win,Gujarat Titans,62,,Shubman Gill
1304104,2022,58,11/05/2022,Navi Mumbai,"Dr DY Patil Sports Academy, Mumbai",Rajasthan Royals,Delhi Capitals,Delhi Capitals,field,win,Delhi Capitals,,8,Mitchell Ross Marsh
1304105,2022,59,12/05/2022,Mumbai,"Wankhede Stadium, Mumbai",Chennai Super Kings,Mumbai Indians,Mumbai Indians,field,win,Mumbai Indians,,5,Daniel Richard Sams
1304106,2022,60,13/05/2022,Mumbai,"Brabourne Stadium, Mumbai",Punjab Kings,Royal Challengers Bangalore,Royal Challengers Bangalore,field,win,Punjab Kings,54,,Jonathan Marc Bairstow
1304107,2022,61,14/05/2022,Pune,"Maharashtra Cricket Association Stadium, Pune",Kolkata Knight Riders,Sunrisers Hyderabad,Kolkata Knight Riders,bat,win,Kolkata Knight Riders,54,,Andre Dwayne Russell
1304108,2022,62,15/05/2022,Mumbai,"Wankhede Stadium, Mumbai",Chennai Super Kings,Gujarat Titans,Chennai Super Kings,bat,win,Gujarat Titans,,7,Wriddhiman Prasanta Saha
1304109,2022,63,15/05/2022,Mumbai,"Brabourne Stadium, Mumbai",Rajasthan Royals,Lucknow Super Giants,Rajasthan Royals,bat,win,Rajasthan Royals,24,,Trent Alexander Boult
1304110,2022,64,16/05/2022,Navi Mumbai,"Dr DY Patil Sports Academy, Mumbai",Delhi Capitals,Punjab Kings,Punjab Kings,field,win,Delhi Capitals,17,,Shardul Narendra Thakur
1304111,2022,65,17/05/2022,Mumbai,"Wankhede Stadium, Mumbai",Sunrisers Hyderabad,Mumbai Indians,Mumbai Indians,field,win,Sunrisers Hyderabad,3,,Rahul Ajay Tripathi
1304112,2022,66,18/05/2022,Navi Mumbai,"Dr DY Patil Sports Academy, Mumbai",Lucknow Super Giants,Kolkata Knight Riders,Lucknow Super Giants,bat,win,Lucknow Super Giants,2,,Quinton de Kock
1304113,2022,67,19/05/2022,Mumbai,"Wankhede Stadium, Mumbai",Gujarat Titans,Royal Challengers Bangalore,Gujarat Titans,bat,win,Royal Challengers Bangalore,,8,Virat Kohli
1304114,2022,68,20/05/2022,Mumbai,"Brabourne Stadium, Mumbai",Chennai Super Kings,Rajasthan Royals,Chennai Super Kings,bat,win,Rajasthan Royals,,5,Ravichandran Ashwin
1304115,2022,69,21/05/2022,Mumbai,"Wankhede Stadium, Mumbai",Delhi Capitals,Mumbai Indians,Mumbai Indians,field,win,Mumbai Indians,,5,Jasprit Jasbirsingh Bumrah
1304116,2022,70,22/05/2022,Mumbai,"Wankhede Stadium, Mumbai",Sunrisers Hyderabad,Punjab Kings,Sunrisers Hyderabad,bat,win,Punjab Kings,,5,Harpreet Brar
1312197,2022,,24/05/2022,Kolkata,"Eden Gardens, Kolkata",Rajasthan Royals,Gujarat Titans,Gujarat Titans,field,win,Gujarat Titans,,7,David Andrew Miller
1312198,2022,,25/05/2022,Kolkata,"Eden Gardens, Kolkata",Royal Challengers Bangalore,Lucknow Super Giants,Lucknow Super Giants,field,win,Royal Challengers Bangalore,14,,Rajat Manohar Patidar
1312199,2022,,27/05/2022,Ahmedabad,"Narendra Modi Stadium, Ahmedabad",Royal Challengers Bangalore,Rajasthan Royals,Rajasthan Royals,field,win,Rajasthan Royals,,7,Joseph Charles Buttler
1312200,2022,,29/05/2022,Ahmedabad,"Narendra Modi Stadium, Ahmedabad",Rajasthan Royals,Gujarat Titans,Rajasthan Royals,bat,win,Gujarat Titans,,7,Hardik Himanshu Pandya
1359475,2023,1,31/03/2023,Ahmedabad,"Narendra Modi Stadium, Ahmedabad",Chennai Super Kings,Gujarat Titans,Gujarat Titans,field,win,Gujarat Titans,,5,Rashid Khan Arman
1359476,2023,2,01/04/2023,Chandigarh,"Punjab Cricket Association IS Bindra Stadium, Mohali, Chandigarh",Punjab Kings,Kolkata Knight Riders,Kolkata Knight Riders,field,win,Punjab Kings,7,,Arshdeep Singh
1359477,2023,3,01/04/2023,Lucknow,"Bharat Ratna Shri Atal Bihari Vajpayee Ekana Cricket Stadium, Lucknow",Lucknow Super Giants,Delhi Capitals,Delhi Capitals,field,win,Lucknow Super Giants,50,,Mark Andrew Wood
1359478,2023,4,02/04/2023,Hyderabad,"Rajiv Gandhi International Stadium, Uppal, Hyderabad",Rajasthan Royals,Sunrisers Hyderabad,Sunrisers Hyderabad,field,win,Rajasthan Royals,72,,Joseph Charles Buttler
1359479,2023,5,02/04/2023,Bengaluru,"M Chinnaswamy Stadium, Bengaluru",Mumbai Indians,Royal Challengers Bangalore,Royal Challengers Bangalore,field,win,Royal Challengers Bangalore,,8,Francois du Plessis
1359480,2023,6,03/04/2023,Chennai,"MA Chidambaram Stadium, Chepauk, Chennai",Chennai Super Kings,Lucknow Super Giants,Lucknow Super Giants,field,win,Chennai Super Kings,12,,Moeen Munir Ali
1359481,2023,7,04/04/2023,Delhi,"Arun Jaitley Stadium, Delhi",Delhi Capitals,Gujarat Titans,Gujarat Titans,field,win,Gujarat Titans,,6,Bhardwaj Sai Sudharsan
1359482,2023,8,05/04/2023,Guwahati,"Barsapara Cricket Stadium, Guwahati",Punjab Kings,Rajasthan Royals,Rajasthan Royals,field,win,Punjab Kings,5,,Nathan Ellis
1359483,2023,9,06/04/2023,Kolkata,"Eden Gardens, Kolkata",Kolkata Knight Riders,Royal Challengers Bangalore,Royal Challengers Bangalore,field,win,Kolkata Knight Riders,81,,Shardul Narendra Thakur
1359484,2023,10,07/04/2023,Lucknow,"Bharat Ratna Shri Atal Bihari Vajpayee Ekana Cricket Stadium, Lucknow",Sunrisers Hyderabad,Lucknow Super Giants,Sunrisers Hyderabad,bat,win,Lucknow Super Giants,,5,Krunal Himanshu Pandya
1359485,2023,11,08/04/2023,Guwahati,"Barsapara Cricket Stadium, Guwahati",Rajasthan Royals,Delhi Capitals,Delhi Capitals,field,win,Rajasthan Royals,57,,Yashasvi Bhupendra Kumar Jaiswal
1359486,2023,12,08/04/2023,Mumbai,"Wankhede Stadium, Mumbai",Mumbai Indians,Chennai Super Kings,Chennai Super Kings,field,win,Chennai Super Kings,,7,Ravindrasinh Anirudhsinh Jadeja
1359487,2023,13,09/04/2023,Ahmedabad,"Narendra Modi Stadium, Ahmedabad",Gujarat Titans,Kolkata Knight Riders,Gujarat Titans,bat,win,Kolkata Knight Riders,,3,Rinku Khanchand Singh
1359488,2023,14,09/04/2023,Hyderabad,"Rajiv Gandhi International Stadium, Uppal, Hyderabad",Punjab Kings,Sunrisers Hyderabad,Sunrisers Hyderabad,field,win,Sunrisers Hyderabad,,8,Shikhar Dhawan
1359489,2023,15,10/04/2023,Bengaluru,"M Chinnaswamy Stadium, Bengaluru",Royal Challengers Bangalore,Lucknow Super Giants,Lucknow Super Giants,field,win,Lucknow Super Giants,,1,Nicholas Pooran
1359490,2023,16,11/04/2023,Delhi,"Arun Jaitley Stadium, Delhi",Delhi Capitals,Mumbai Indians,Mumbai Indians,field,win,Mumbai Indians,,6,Rohit Gurunath Sharma
1359491,2023,17,12/04/2023,Chennai,"MA Chidambaram Stadium, Chepauk, Chennai",Rajasthan Royals,Chennai Super Kings,Chennai Super Kings,field,win,Rajasthan Royals,3,,Ravichandran Ashwin
1359492,2023,18,13/04/2023,Chandigarh,"Punjab Cricket Association IS Bindra Stadium, Mohali, Chandigarh",Punjab Kings,Gujarat Titans,Gujarat Titans,field,win,Gujarat Titans,,6,Mohit Mahipal Sharma
1359493,2023,19,14/04/2023,Kolkata,"Eden Gardens, Kolkata",Sunrisers Hyderabad,Kolkata Knight Riders,Kolkata Knight Riders,field,win,Sunrisers Hyderabad,23,,Harry Cherrington Brook
1359494,2023,20,15/04/2023,Bengaluru,"M Chinnaswamy Stadium, Bengaluru",Royal Challengers Bangalore,Delhi Capitals,Delhi Capitals,field,win,Royal Challengers Bangalore,23,,Virat Kohli
1359495,2023,21,15/04/2023,Lucknow,"Bharat Ratna Shri Atal Bihari Vajpayee Ekana Cricket Stadium, Lucknow",Lucknow Super Giants,Punjab Kings,Punjab Kings,field,win,Punjab Kings,,2,Sikandar Raza Butt
1359496,2023,22,16/04/2023,Mumbai,"Wankhede Stadium, Mumbai",Kolkata Knight Riders,Mumbai Indians,Mumbai Indians,field,win,Mumbai Indians,,5,Venkatesh Rajasekaran Iyer
1359497,2023,23,16/04/2023,Ahmedabad,"Narendra Modi Stadium, Ahmedabad",Gujarat Titans,Rajasthan Royals,Rajasthan Royals,field,win,Rajasthan Royals,,3,Shimron Odilon Hetmyer
1359498,2023,24,17/04/2023,Bengaluru,"M Chinnaswamy Stadium, Bengaluru",Chennai Super Kings,Royal Challengers Bangalore,Royal Challengers Bangalore,field,win,Chennai Super Kings,8,,Devon Philip Conway
1359499,2023,25,18/04/2023,Hyderabad,"Rajiv Gandhi International Stadium, Uppal, Hyderabad",Mumbai Indians,Sunrisers Hyderabad,Sunrisers Hyderabad,field,win,Mumbai Indians,14,,Cameron Donald Green
1359500,2023,26,19/04/2023,Jaipur,"Sawai Mansingh Stadium, Jaipur",Lucknow Super Giants,Rajasthan Royals,Rajasthan Royals,field,win,Lucknow Super Giants,10,,Marcus Peter Stoinis
1359501,2023,27,20/04/2023,Chandigarh,"Punjab Cricket Association IS Bindra Stadium, Mohali, Chandigarh",Royal Challengers Bangalore,Punjab Kings,Punjab Kings,field,win,Royal Challengers Bangalore,24,,Mohammed Siraj
1359502,2023,28,20/04/2023,Delhi,"Arun Jaitley Stadium, Delhi",Kolkata Knight Riders,Delhi Capitals,Delhi Capitals,field,win,Delhi Capitals,,4,Ishant Sharma
1359503,2023,29,21/04/2023,Chennai,"MA Chidambaram Stadium, Chepauk, Chennai",Sunrisers Hyderabad,Chennai Super Kings,Chennai Super Kings,field,win,Chennai Super Kings,,7,Ravindrasinh Anirudhsinh Jadeja
1359504,2023,30,22/04/2023,Lucknow,"Bharat Ratna Shri Atal Bihari Vajpayee Ekana Cricket Stadium, Lucknow",Gujarat Titans,Lucknow Super Giants,Gujarat Titans,bat,win,Gujarat Titans,7,,Mohit Mahipal Sharma
1359505,2023,31,22/04/2023,Mumbai,"Wankhede Stadium, Mumbai",Punjab Kings,Mumbai Indians,Mumbai Indians,field,win,Punjab Kings,13,,Samuel Matthew Curran
1359506,2023,32,23/04/2023,Bengaluru,"M Chinnaswamy Stadium, Bengaluru",Royal Challengers Bangalore,Rajasthan Royals,Rajasthan Royals,field,win,Royal Challengers Bangalore,7,,Glenn James Maxwell
1359507,2023,33,23/04/2023,Kolkata,"Eden Gardens, Kolkata",Chennai Super Kings,Kolkata Knight Riders,Kolkata Knight Riders,field,win,Chennai Super Kings,49,,Ajinkya Madhukar Rahane
1359508,2023,34,24/04/2023,Hyderabad,"Rajiv Gandhi International Stadium, Uppal, Hyderabad",Delhi Capitals,Sunrisers Hyderabad,Delhi Capitals,bat,win,Delhi Capitals,7,,Axar Rajeshbhai Patel
1359509,2023,35,25/04/2023,Ahmedabad,"Narendra Modi Stadium, Ahmedabad",Gujarat Titans,Mumbai Indians,Mumbai Indians,field,win,Gujarat Titans,55,,Abhinav Manohar
1359510,2023,36,26/04/2023,Bengaluru,"M Chinnaswamy Stadium, Bengaluru",Kolkata Knight Riders,Royal Challengers Bangalore,Royal Challengers Bangalore,field,win,Kolkata Knight Riders,21,,Varun Chakravarthy Vinod
1359511,2023,37,27/04/2023,Jaipur,"Sawai Mansingh Stadium, Jaipur",Rajasthan Royals,Chennai Super Kings,Rajasthan Royals,bat,win,Rajasthan Royals,32,,Yashasvi Bhupendra Kumar Jaiswal
1359512,2023,38,28/04/2023,Chandigarh,"Punjab Cricket Association IS Bindra Stadium, Mohali, Chandigarh",Lucknow Super Giants,Punjab Kings,Punjab Kings,field,win,Lucknow Super Giants,56,,Marcus Peter Stoinis
1359513,2023,39,29/04/2023,Kolkata,"Eden Gardens, Kolkata",Kolkata Knight Riders,Gujarat Titans,Gujarat Titans,field,win,Gujarat Titans,,7,Joshua Brian Little
1359514,2023,40,29/04/2023,Delhi,"Arun Jaitley Stadium, Delhi",Sunrisers Hyderabad,Delhi Capitals,Sunrisers Hyderabad,bat,win,Sunrisers Hyderabad,9,,Mitchell Ross Marsh
1359515,2023,41,30/04/2023,Chennai,"MA Chidambaram Stadium, Chepauk, Chennai",Chennai Super Kings,Punjab Kings,Chennai Super Kings,bat,win,Punjab Kings,,4,Devon Philip Conway
1359516,2023,42,30/04/2023,Mumbai,"Wankhede Stadium, Mumbai",Rajasthan Royals,Mumbai Indians,Rajasthan Royals,bat,win,Mumbai Indians,,6,Yashasvi Bhupendra Kumar Jaiswal
1359517,2023,43,01/05/2023,Lucknow,"Bharat Ratna Shri Atal Bihari Vajpayee Ekana Cricket Stadium, Lucknow",Royal Challengers Bangalore,Lucknow Super Giants,Royal Challengers Bangalore,bat,win,Royal Challengers Bangalore,18,,Francois du Plessis
1359518,2023,44,02/05/2023,Ahmedabad,"Narendra Modi Stadium, Ahmedabad",Delhi Capitals,Gujarat Titans,Delhi Capitals,bat,win,Delhi Capitals,5,,Mohammed Shami Ahmed
1359519,2023,45,03/05/2023,Lucknow,"Bharat Ratna Shri Atal Bihari Vajpayee Ekana Cricket Stadium, Lucknow",Lucknow Super Giants,Chennai Super Kings,Chennai Super Kings,field,no result,Chennai Super Kings,,,#N/A
1359520,2023,46,03/05/2023,Chandigarh,"Punjab Cricket Association IS Bindra Stadium, Mohali, Chandigarh",Punjab Kings,Mumbai Indians,Mumbai Indians,field,win,Mumbai Indians,,6,Ishan Pranav Kumar Pandey Kishan
1359521,2023,47,04/05/2023,Hyderabad,"Rajiv Gandhi International Stadium, Uppal, Hyderabad",Kolkata Knight Riders,Sunrisers Hyderabad,Kolkata Knight Riders,bat,win,Kolkata Knight Riders,5,,Varun Chakravarthy Vinod
1359522,2023,48,05/05/2023,Jaipur,"Sawai Mansingh Stadium, Jaipur",Rajasthan Royals,Gujarat Titans,Rajasthan Royals,bat,win,Gujarat Titans,,9,Rashid Khan Arman
1359523,2023,49,06/05/2023,Chennai,"MA Chidambaram Stadium, Chepauk, Chennai",Mumbai Indians,Chennai Super Kings,Chennai Super Kings,field,win,Chennai Super Kings,,6,Matheesha Pathirana
1359524,2023,50,06/05/2023,Delhi,"Arun Jaitley Stadium, Delhi",Royal Challengers Bangalore,Delhi Capitals,Royal Challengers Bangalore,bat,win,Delhi Capitals,,7,Philip Dean Salt
1359525,2023,51,07/05/2023,Ahmedabad,"Narendra Modi Stadium, Ahmedabad",Gujarat Titans,Lucknow Super Giants,Lucknow Super Giants,field,win,Gujarat Titans,56,,Shubman Gill
1359526,2023,52,07/05/2023,Jaipur,"Sawai Mansingh Stadium, Jaipur",Rajasthan Royals,Sunrisers Hyderabad,Rajasthan Royals,bat,win,Sunrisers Hyderabad,,4,Glenn Dominic Phillips
1359527,2023,53,08/05/2023,Kolkata,"Eden Gardens, Kolkata",Punjab Kings,Kolkata Knight Riders,Punjab Kings,bat,win,Kolkata Knight Riders,,5,Andre Dwayne Russell
1359528,2023,54,09/05/2023,Mumbai,"Wankhede Stadium, Mumbai",Royal Challengers Bangalore,Mumbai Indians,Mumbai Indians,field,win,Mumbai Indians,,6,Suryakumar Ashok Yadav
1359529,2023,55,10/05/2023,Chennai,"MA Chidambaram Stadium, Chepauk, Chennai",Chennai Super Kings,Delhi Capitals,Chennai Super Kings,bat,win,Chennai Super Kings,27,,Ravindrasinh Anirudhsinh Jadeja
1359530,2023,56,11/05/2023,Kolkata,"Eden Gardens, Kolkata",Kolkata Knight Riders,Rajasthan Royals,Rajasthan Royals,field,win,Rajasthan Royals,,9,Yashasvi Bhupendra Kumar Jaiswal
1359531,2023,57,12/05/2023,Mumbai,"Wankhede Stadium, Mumbai",Mumbai Indians,Gujarat Titans,Gujarat Titans,field,win,Mumbai Indians,27,,Suryakumar Ashok Yadav
1359532,2023,58,13/05/2023,Hyderabad,"Rajiv Gandhi International Stadium, Uppal, Hyderabad",Sunrisers Hyderabad,Lucknow Super Giants,Sunrisers Hyderabad,bat,win,Lucknow Super Giants,,7,Prerak Nileshkumar Mankad
1359533,2023,59,13/05/2023,Delhi,"Arun Jaitley Stadium, Delhi",Punjab Kings,Delhi Capitals,Delhi Capitals,field,win,Punjab Kings,31,,Prabhsimran Singh
1359534,2023,60,14/05/2023,Jaipur,"Sawai Mansingh Stadium, Jaipur",Royal Challengers Bangalore,Rajasthan Royals,Royal Challengers Bangalore,bat,win,Royal Challengers Bangalore,112,,Wayne Dillon Parnell
1359535,2023,61,14/05/2023,Chennai,"MA Chidambaram Stadium, Chepauk, Chennai",Chennai Super Kings,Kolkata Knight Riders,Chennai Super Kings,bat,win,Kolkata Knight Riders,,6,Rinku Khanchand Singh
1359536,2023,62,15/05/2023,Ahmedabad,"Narendra Modi Stadium, Ahmedabad",Gujarat Titans,Sunrisers Hyderabad,Sunrisers Hyderabad,field,win,Gujarat Titans,34,,Shubman Gill
1359537,2023,63,16/05/2023,Lucknow,"Bharat Ratna Shri Atal Bihari Vajpayee Ekana Cricket Stadium, Lucknow",Lucknow Super Giants,Mumbai Indians,Mumbai Indians,field,win,Lucknow Super Giants,5,,Marcus Peter Stoinis
1359538,2023,64,17/05/2023,Dharamsala,"Himachal Pradesh Cricket Association Stadium, Dharamsala",Delhi Capitals,Punjab Kings,Punjab Kings,field,win,Delhi Capitals,15,,Rilee Roscoe Rossouw
1359539,2023,65,18/05/2023,Hyderabad,"Rajiv Gandhi International Stadium, Uppal, Hyderabad",Sunrisers Hyderabad,Royal Challengers Bangalore,Royal Challengers Bangalore,field,win,Royal Challengers Bangalore,,8,Virat Kohli
1359540,2023,66,19/05/2023,Dharamsala,"Himachal Pradesh Cricket Association Stadium, Dharamsala",Punjab Kings,Rajasthan Royals,Rajasthan Royals,field,win,Rajasthan Royals,,4,Devdutt Padikkal
1359541,2023,67,20/05/2023,Delhi,"Arun Jaitley Stadium, Delhi",Chennai Super Kings,Delhi Capitals,Chennai Super Kings,bat,win,Chennai Super Kings,77,,Ruturaj Dashrat Gaikwad
1359542,2023,68,20/05/2023,Kolkata,"Eden Gardens, Kolkata",Lucknow Super Giants,Kolkata Knight Riders,Kolkata Knight Riders,field,win,Lucknow Super Giants,1,,Nicholas Pooran
1359543,2023,69,21/05/2023,Mumbai,"Wankhede Stadium, Mumbai",Sunrisers Hyderabad,Mumbai Indians,Mumbai Indians,field,win,Mumbai Indians,,8,Cameron Donald Green
1359544,2023,70,21/05/2023,Bengaluru,"M Chinnaswamy Stadium, Bengaluru",Royal Challengers Bangalore,Gujarat Titans,Gujarat Titans,field,win,Gujarat Titans,,6,Shubman Gill
1370350,2023,,23/05/2023,Chennai,"MA Chidambaram Stadium, Chepauk, Chennai",Chennai Super Kings,Gujarat Titans,Gujarat Titans,field,win,Chennai Super Kings,15,,Ruturaj Dashrat Gaikwad
1370351,2023,,24/05/2023,Chennai,"MA Chidambaram Stadium, Chepauk, Chennai",Mumbai Indians,Lucknow Super Giants,Mumbai Indians,bat,win,Mumbai Indians,81,,Akash Madhwal
1370352,2023,,26/05/2023,Ahmedabad,"Narendra Modi Stadium, Ahmedabad",Gujarat Titans,Mumbai Indians,Mumbai Indians,field,win,Gujarat Titans,62,,Shubman Gill
1370353,2023,,29/05/2023,Ahmedabad,"Narendra Modi Stadium, Ahmedabad",Gujarat Titans,Chennai Super Kings,Chennai Super Kings,field,win,Chennai Super Kings,,5,Devon Philip Conway
1422119,2024,1,22/03/2024,Chennai,"MA Chidambaram Stadium, Chepauk, Chennai",Royal Challengers Bangalore,Chennai Super Kings,Royal Challengers Bangalore,bat,win,Chennai Super Kings,,6,Mustafizur Rahman
1422120,2024,2,23/03/2024,Mohali,"Maharaja Yadavindra Singh International Cricket Stadium, Mullanpur",Delhi Capitals,Punjab Kings,Punjab Kings,field,win,Punjab Kings,,4,Samuel Matthew Curran
1422121,2024,3,23/03/2024,Kolkata,"Eden Gardens, Kolkata",Kolkata Knight Riders,Sunrisers Hyderabad,Sunrisers Hyderabad,field,win,Kolkata Knight Riders,4,,Andre Dwayne Russell
1422122,2024,4,24/03/2024,Jaipur,"Sawai Mansingh Stadium, Jaipur",Rajasthan Royals,Lucknow Super Giants,Rajasthan Royals,bat,win,Rajasthan Royals,20,,Sanju Viswanath Samson
1422123,2024,5,24/03/2024,Ahmedabad,"Narendra Modi Stadium, Ahmedabad",Gujarat Titans,Mumbai Indians,Mumbai Indians,field,win,Gujarat Titans,6,,Bhardwaj Sai Sudharsan
1422124,2024,6,25/03/2024,Bengaluru,"M Chinnaswamy Stadium, Bengaluru",Punjab Kings,Royal Challengers Bangalore,Royal Challengers Bangalore,field,win,Royal Challengers Bangalore,,4,Virat Kohli
1422125,2024,7,26/03/2024,Chennai,"MA Chidambaram Stadium, Chepauk, Chennai",Chennai Super Kings,Gujarat Titans,Gujarat Titans,field,win,Chennai Super Kings,63,,Shivam Dube
1422126,2024,8,27/03/2024,Hyderabad,"Rajiv Gandhi International Stadium, Uppal, Hyderabad",Sunrisers Hyderabad,Mumbai Indians,Mumbai Indians,field,win,Sunrisers Hyderabad,31,,Abhishek Sharma
1422127,2024,9,28/03/2024,Jaipur,"Sawai Mansingh Stadium, Jaipur",Rajasthan Royals,Delhi Capitals,Delhi Capitals,field,win,Rajasthan Royals,12,,Riyan Parag
1422128,2024,10,29/03/2024,Bengaluru,"M Chinnaswamy Stadium, Bengaluru",Royal Challengers Bangalore,Kolkata Knight Riders,Kolkata Knight Riders,field,win,Kolkata Knight Riders,,7,Sunil Philip Narine
1422129,2024,11,30/03/2024,Lucknow,"Bharat Ratna Shri Atal Bihari Vajpayee Ekana Cricket Stadium, Lucknow",Lucknow Super Giants,Punjab Kings,Lucknow Super Giants,bat,win,Lucknow Super Giants,21,,Mayank Yadav
1422130,2024,12,31/03/2024,Ahmedabad,"Narendra Modi Stadium, Ahmedabad",Sunrisers Hyderabad,Gujarat Titans,Sunrisers Hyderabad,bat,win,Gujarat Titans,,7,Mohit Mahipal Sharma
1422131,2024,13,31/03/2024,Visakhapatnam,"Dr. Y.S. Rajasekhara Reddy ACA-VDCA Cricket Stadium, Visakhapatnam",Delhi Capitals,Chennai Super Kings,Delhi Capitals,bat,win,Delhi Capitals,20,,Khaleel Khursheed Ahmed
1422132,2024,14,01/04/2024,Mumbai,"Wankhede Stadium, Mumbai",Mumbai Indians,Rajasthan Royals,Rajasthan Royals,field,win,Rajasthan Royals,,6,Trent Alexander Boult
1422133,2024,15,02/04/2024,Bengaluru,"M Chinnaswamy Stadium, Bengaluru",Lucknow Super Giants,Royal Challengers Bangalore,Royal Challengers Bangalore,field,win,Lucknow Super Giants,28,,Mayank Yadav
1422134,2024,16,03/04/2024,Visakhapatnam,"Dr. Y.S. Rajasekhara Reddy ACA-VDCA Cricket Stadium, Visakhapatnam",Kolkata Knight Riders,Delhi Capitals,Kolkata Knight Riders,bat,win,Kolkata Knight Riders,106,,Sunil Philip Narine
1422135,2024,17,04/04/2024,Ahmedabad,"Narendra Modi Stadium, Ahmedabad",Gujarat Titans,Punjab Kings,Punjab Kings,field,win,Punjab Kings,,3,Shashank Singh
1422136,2024,18,05/04/2024,Hyderabad,"Rajiv Gandhi International Stadium, Uppal, Hyderabad",Chennai Super Kings,Sunrisers Hyderabad,Sunrisers Hyderabad,field,win,Sunrisers Hyderabad,,6,Abhishek Sharma
1422137,2024,19,06/04/2024,Jaipur,"Sawai Mansingh Stadium, Jaipur",Royal Challengers Bangalore,Rajasthan Royals,Rajasthan Royals,field,win,Rajasthan Royals,,6,Joseph Charles Buttler
1422138,2024,20,07/04/2024,Mumbai,"Wankhede Stadium, Mumbai",Mumbai Indians,Delhi Capitals,Delhi Capitals,field,win,Mumbai Indians,29,,Romario Shepherd
1422139,2024,21,07/04/2024,Lucknow,"Bharat Ratna Shri Atal Bihari Vajpayee Ekana Cricket Stadium, Lucknow",Lucknow Super Giants,Gujarat Titans,Lucknow Super Giants,bat,win,Lucknow Super Giants,33,,Yash Ravisingh Thakur
1426260,2024,22,08/04/2024,Chennai,"MA Chidambaram Stadium, Chepauk, Chennai",Kolkata Knight Riders,Chennai Super Kings,Chennai Super Kings,field,win,Chennai Super Kings,,7,Ravindrasinh Anirudhsinh Jadeja
1426261,2024,23,09/04/2024,Mohali,"Maharaja Yadavindra Singh International Cricket Stadium, Mullanpur",Sunrisers Hyderabad,Punjab Kings,Punjab Kings,field,win,Sunrisers Hyderabad,2,,Kaki Nitish Kumar Reddy
1426262,2024,24,10/04/2024,Jaipur,"Sawai Mansingh Stadium, Jaipur",Rajasthan Royals,Gujarat Titans,Gujarat Titans,field,win,Gujarat Titans,,3,Rashid Khan Arman
1426263,2024,25,11/04/2024,Mumbai,"Wankhede Stadium, Mumbai",Royal Challengers Bangalore,Mumbai Indians,Mumbai Indians,field,win,Mumbai Indians,,7,Jasprit Jasbirsingh Bumrah
1426264,2024,26,12/04/2024,Lucknow,"Bharat Ratna Shri Atal Bihari Vajpayee Ekana Cricket Stadium, Lucknow",Lucknow Super Giants,Delhi Capitals,Lucknow Super Giants,bat,win,Delhi Capitals,,6,Kuldeep Yadav
1426265,2024,27,13/04/2024,Mohali,"Maharaja Yadavindra Singh International Cricket Stadium, Mullanpur",Punjab Kings,Rajasthan Royals,Rajasthan Royals,field,win,Rajasthan Royals,,3,Shimron Odilon Hetmyer
1426266,2024,28,14/04/2024,Kolkata,"Eden Gardens, Kolkata",Lucknow Super Giants,Kolkata Knight Riders,Kolkata Knight Riders,field,win,Kolkata Knight Riders,,8,Philip Dean Salt
1426267,2024,29,14/04/2024,Mumbai,"Wankhede Stadium, Mumbai",Chennai Super Kings,Mumbai Indians,Mumbai Indians,field,win,Chennai Super Kings,20,,Matheesha Pathirana
1426268,2024,30,15/04/2024,Bengaluru,"M Chinnaswamy Stadium, Bengaluru",Sunrisers Hyderabad,Royal Challengers Bangalore,Royal Challengers Bangalore,field,win,Sunrisers Hyderabad,25,,Travis Michael Head
1426269,2024,31,16/04/2024,Kolkata,"Eden Gardens, Kolkata",Kolkata Knight Riders,Rajasthan Royals,Rajasthan Royals,field,win,Rajasthan Royals,,2,Joseph Charles Buttler
1426270,2024,32,17/04/2024,Ahmedabad,"Narendra Modi Stadium, Ahmedabad",Gujarat Titans,Delhi Capitals,Delhi Capitals,field,win,Delhi Capitals,,6,Rishabh Rajendra Pant
1426271,2024,33,18/04/2024,Mohali,"Maharaja Yadavindra Singh International Cricket Stadium, Mullanpur",Mumbai Indians,Punjab Kings,Punjab Kings,field,win,Mumbai Indians,9,,Jasprit Jasbirsingh Bumrah
1426272,2024,34,19/04/2024,Lucknow,"Bharat Ratna Shri Atal Bihari Vajpayee Ekana Cricket Stadium, Lucknow",Chennai Super Kings,Lucknow Super Giants,Lucknow Super Giants,field,win,Lucknow Super Giants,,8,Kannaur Lokesh Rahul
1426273,2024,35,20/04/2024,Delhi,"Arun Jaitley Stadium, Delhi",Sunrisers Hyderabad,Delhi Capitals,Delhi Capitals,field,win,Sunrisers Hyderabad,67,,Travis Michael Head
1426274,2024,36,21/04/2024,Kolkata,"Eden Gardens, Kolkata",Kolkata Knight Riders,Royal Challengers Bangalore,Royal Challengers Bangalore,field,win,Kolkata Knight Riders,1,,Andre Dwayne Russell
1426275,2024,37,21/04/2024,Mohali,"Maharaja Yadavindra Singh International Cricket Stadium, Mullanpur",Punjab Kings,Gujarat Titans,Punjab Kings,bat,win,Gujarat Titans,,3,Ravisrinivasan Sai Kishore
1426276,2024,38,22/04/2024,Jaipur,"Sawai Mansingh Stadium, Jaipur",Mumbai Indians,Rajasthan Royals,Mumbai Indians,bat,win,Rajasthan Royals,,9,Sandeep Sharma
1426277,2024,39,23/04/2024,Chennai,"MA Chidambaram Stadium, Chepauk, Chennai",Chennai Super Kings,Lucknow Super Giants,Lucknow Super Giants,field,win,Lucknow Super Giants,,6,Marcus Peter Stoinis
1426278,2024,40,24/04/2024,Delhi,"Arun Jaitley Stadium, Delhi",Delhi Capitals,Gujarat Titans,Gujarat Titans,field,win,Delhi Capitals,4,,Rishabh Rajendra Pant
1426279,2024,41,25/04/2024,Hyderabad,"Rajiv Gandhi International Stadium, Uppal, Hyderabad",Royal Challengers Bangalore,Sunrisers Hyderabad,Royal Challengers Bangalore,bat,win,Royal Challengers Bangalore,35,,Rajat Manohar Patidar
1426280,2024,42,26/04/2024,Kolkata,"Eden Gardens, Kolkata",Kolkata Knight Riders,Punjab Kings,Punjab Kings,field,win,Punjab Kings,,8,Jonathan Marc Bairstow
1426281,2024,43,27/04/2024,Delhi,"Arun Jaitley Stadium, Delhi",Delhi Capitals,Mumbai Indians,Mumbai Indians,field,win,Delhi Capitals,10,,Jake Fraser-McGurk
1426282,2024,44,27/04/2024,Lucknow,"Bharat Ratna Shri Atal Bihari Vajpayee Ekana Cricket Stadium, Lucknow",Lucknow Super Giants,Rajasthan Royals,Rajasthan Royals,field,win,Rajasthan Royals,,7,Sanju Viswanath Samson
1426283,2024,45,28/04/2024,Ahmedabad,"Narendra Modi Stadium, Ahmedabad",Gujarat Titans,Royal Challengers Bangalore,Royal Challengers Bangalore,field,win,Royal Challengers Bangalore,,9,William George Jacks
1426284,2024,46,28/04/2024,Chennai,"MA Chidambaram Stadium, Chepauk, Chennai",Chennai Super Kings,Sunrisers Hyderabad,Sunrisers Hyderabad,field,win,Chennai Super Kings,78,,Ruturaj Dashrat Gaikwad
1426285,2024,47,29/04/2024,Kolkata,"Eden Gardens, Kolkata",Delhi Capitals,Kolkata Knight Riders,Delhi Capitals,bat,win,Kolkata Knight Riders,,7,Varun Chakravarthy Vinod
1426286,2024,48,30/04/2024,Lucknow,"Bharat Ratna Shri Atal Bihari Vajpayee Ekana Cricket Stadium, Lucknow",Mumbai Indians,Lucknow Super Giants,Lucknow Super Giants,field,win,Lucknow Super Giants,,4,Marcus Peter Stoinis
1426287,2024,49,01/05/2024,Chennai,"MA Chidambaram Stadium, Chepauk, Chennai",Chennai Super Kings,Punjab Kings,Punjab Kings,field,win,Punjab Kings,,7,Harpreet Brar
1426288,2024,50,02/05/2024,Hyderabad,"Rajiv Gandhi International Stadium, Uppal, Hyderabad",Sunrisers Hyderabad,Rajasthan Royals,Sunrisers Hyderabad,bat,win,Sunrisers Hyderabad,1,,Bhuvneshwar Kumar Singh
1426289,2024,51,03/05/2024,Mumbai,"Wankhede Stadium, Mumbai",Kolkata Knight Riders,Mumbai Indians,Mumbai Indians,field,win,Kolkata Knight Riders,24,,Venkatesh Rajasekaran Iyer
1426290,2024,52,04/05/2024,Bengaluru,"M Chinnaswamy Stadium, Bengaluru",Gujarat Titans,Royal Challengers Bangalore,Royal Challengers Bangalore,field,win,Royal Challengers Bangalore,,4,Mohammed Siraj
1426291,2024,53,05/05/2024,Dharamsala,"Himachal Pradesh Cricket Association Stadium, Dharamsala",Chennai Super Kings,Punjab Kings,Punjab Kings,field,win,Chennai Super Kings,28,,Ravindrasinh Anirudhsinh Jadeja
1426292,2024,54,05/05/2024,Lucknow,"Bharat Ratna Shri Atal Bihari Vajpayee Ekana Cricket Stadium, Lucknow",Kolkata Knight Riders,Lucknow Super Giants,Lucknow Super Giants,field,win,Kolkata Knight Riders,98,,Sunil Philip Narine
1426293,2024,55,06/05/2024,Mumbai,"Wankhede Stadium, Mumbai",Sunrisers Hyderabad,Mumbai Indians,Mumbai Indians,field,win,Mumbai Indians,,7,Suryakumar Ashok Yadav
1426294,2024,56,07/05/2024,Delhi,"Arun Jaitley Stadium, Delhi",Delhi Capitals,Rajasthan Royals,Rajasthan Royals,field,win,Delhi Capitals,20,,Kuldeep Yadav
1426295,2024,57,08/05/2024,Hyderabad,"Rajiv Gandhi International Stadium, Uppal, Hyderabad",Lucknow Super Giants,Sunrisers Hyderabad,Lucknow Super Giants,bat,win,Sunrisers Hyderabad,,10,Travis Michael Head
1426296,2024,58,09/05/2024,Dharamsala,"Himachal Pradesh Cricket Association Stadium, Dharamsala",Royal Challengers Bangalore,Punjab Kings,Punjab Kings,field,win,Royal Challengers Bangalore,60,,Virat Kohli
1426297,2024,59,10/05/2024,Ahmedabad,"Narendra Modi Stadium, Ahmedabad",Gujarat Titans,Chennai Super Kings,Chennai Super Kings,field,win,Gujarat Titans,35,,Shubman Gill
1426298,2024,60,11/05/2024,Kolkata,"Eden Gardens, Kolkata",Kolkata Knight Riders,Mumbai Indians,Mumbai Indians,field,win,Kolkata Knight Riders,18,,Varun Chakravarthy Vinod
1426299,2024,61,12/05/2024,Chennai,"MA Chidambaram Stadium, Chepauk, Chennai",Rajasthan Royals,Chennai Super Kings,Rajasthan Royals,bat,win,Chennai Super Kings,,5,Simarjeet Singh
1426300,2024,62,12/05/2024,Bengaluru,"M Chinnaswamy Stadium, Bengaluru",Royal Challengers Bangalore,Delhi Capitals,Delhi Capitals,field,win,Royal Challengers Bangalore,47,,Cameron Donald Green
1426302,2024,64,14/05/2024,Delhi,"Arun Jaitley Stadium, Delhi",Delhi Capitals,Lucknow Super Giants,Lucknow Super Giants,field,win,Delhi Capitals,19,,Ishant Sharma
1426303,2024,65,15/05/2024,Guwahati,"Barsapara Cricket Stadium, Guwahati",Rajasthan Royals,Punjab Kings,Rajasthan Royals,bat,win,Punjab Kings,,5,Samuel Matthew Curran
1426305,2024,67,17/05/2024,Mumbai,"Wankhede Stadium, Mumbai",Lucknow Super Giants,Mumbai Indians,Mumbai Indians,field,win,Lucknow Super Giants,18,,Nicholas Pooran
1426306,2024,68,18/05/2024,Bengaluru,"M Chinnaswamy Stadium, Bengaluru",Royal Challengers Bangalore,Chennai Super Kings,Chennai Super Kings,field,win,Royal Challengers Bangalore,27,,Francois du Plessis
1426307,2024,69,19/05/2024,Hyderabad,"Rajiv Gandhi International Stadium, Uppal, Hyderabad",Punjab Kings,Sunrisers Hyderabad,Punjab Kings,bat,win,Sunrisers Hyderabad,,4,Abhishek Sharma
1426309,2024,,21/05/2024,Ahmedabad,"Narendra Modi Stadium, Ahmedabad",Sunrisers Hyderabad,Kolkata Knight Riders,Sunrisers Hyderabad,bat,win,Kolkata Knight Riders,,8,Mitchell Aaron Starc
1426310,2024,,22/05/2024,Ahmedabad,"Narendra Modi Stadium, Ahmedabad",Royal Challengers Bangalore,Rajasthan Royals,Rajasthan Royals,field,win,Rajasthan Royals,,4,Ravichandran Ashwin
1426311,2024,,24/05/2024,Chennai,"MA Chidambaram Stadium, Chepauk, Chennai",Sunrisers Hyderabad,Rajasthan Royals,Rajasthan Royals,field,win,Sunrisers Hyderabad,36,,Shahbaz Ahmed
1426312,2024,,26/05/2024,Chennai,"MA Chidambaram Stadium, Chepauk, Chennai",Sunrisers Hyderabad,Kolkata Knight Riders,Sunrisers Hyderabad,bat,win,Kolkata Knight Riders,,8,Mitchell Aaron Starc
1473438,2025,1,22/03/2025,Kolkata,"Eden Gardens, Kolkata",Kolkata Knight Riders,Royal Challengers Bangalore,Royal Challengers Bangalore,field,win,Royal Challengers Bangalore,,7,Krunal Himanshu Pandya
1473439,2025,2,23/03/2025,Hyderabad,"Rajiv Gandhi International Stadium, Uppal, Hyderabad",Sunrisers Hyderabad,Rajasthan Royals,Rajasthan Royals,field,win,Sunrisers Hyderabad,44,,Ishan Pranav Kumar Pandey Kishan
1473440,2025,3,23/03/2025,Chennai,"MA Chidambaram Stadium, Chepauk, Chennai",Mumbai Indians,Chennai Super Kings,Chennai Super Kings,field,win,Chennai Super Kings,,4,Noor Ahmad Lakanwal
1473441,2025,4,24/03/2025,Visakhapatnam,"Dr. Y.S. Rajasekhara Reddy ACA-VDCA Cricket Stadium, Visakhapatnam",Lucknow Super Giants,Delhi Capitals,Delhi Capitals,field,win,Delhi Capitals,,1,Ashutosh Sharma
1473442,2025,5,25/03/2025,Ahmedabad,"Narendra Modi Stadium, Ahmedabad",Punjab Kings,Gujarat Titans,Gujarat Titans,field,win,Punjab Kings,11,,Shreyas Santosh Iyer
1473443,2025,6,26/03/2025,Guwahati,"Barsapara Cricket Stadium, Guwahati",Rajasthan Royals,Kolkata Knight Riders,Kolkata Knight Riders,field,win,Kolkata Knight Riders,,8,Quinton de Kock
1473444,2025,7,27/03/2025,Hyderabad,"Rajiv Gandhi International Stadium, Uppal, Hyderabad",Sunrisers Hyderabad,Lucknow Super Giants,Lucknow Super Giants,field,win,Lucknow Super Giants,,5,Shardul Narendra Thakur
1473445,2025,8,28/03/2025,Chennai,"MA Chidambaram Stadium, Chepauk, Chennai",Royal Challengers Bangalore,Chennai Super Kings,Chennai Super Kings,field,win,Royal Challengers Bangalore,50,,Rajat Manohar Patidar
335983,2008,2,19/04/2008,Chandigarh,"Punjab Cricket Association Stadium, Mohali",Punjab Kings,Chennai Super Kings,Chennai Super Kings,bat,win,Chennai Super Kings,33,,Michael Edward Killeen Hussey
335984,2008,3,19/04/2008,Delhi,Feroz Shah Kotla,Delhi Capitals,Rajasthan Royals,Rajasthan Royals,bat,win,Delhi Capitals,,9,Mohamed Farveez Maharoof
335985,2008,5,20/04/2008,Mumbai,Wankhede Stadium,Mumbai Indians,Royal Challengers Bangalore,Mumbai Indians,bat,win,Royal Challengers Bangalore,,5,Mark Verdon Boucher
335986,2008,4,20/04/2008,Kolkata,Eden Gardens,Kolkata Knight Riders,Sunrisers Hyderabad,Sunrisers Hyderabad,bat,win,Kolkata Knight Riders,,5,David John Hussey
335987,2008,6,21/04/2008,Jaipur,Sawai Mansingh Stadium,Rajasthan Royals,Punjab Kings,Punjab Kings,bat,win,Rajasthan Royals,,6,Shane Robert Watson
335988,2008,7,22/04/2008,Hyderabad,"Rajiv Gandhi International Stadium, Uppal",Sunrisers Hyderabad,Delhi Capitals,Sunrisers Hyderabad,bat,win,Delhi Capitals,,9,Virender Sehwag
335989,2008,8,23/04/2008,Chennai,"MA Chidambaram Stadium, Chepauk",Chennai Super Kings,Mumbai Indians,Mumbai Indians,field,win,Chennai Super Kings,6,,Matthew Lawrence Hayden
335990,2008,9,24/04/2008,Hyderabad,"Rajiv Gandhi International Stadium, Uppal",Sunrisers Hyderabad,Rajasthan Royals,Rajasthan Royals,field,win,Rajasthan Royals,,3,Yusuf Khan Pathan
335991,2008,10,25/04/2008,Chandigarh,"Punjab Cricket Association Stadium, Mohali",Punjab Kings,Mumbai Indians,Mumbai Indians,field,win,Punjab Kings,66,,Kumar Chokshanada Sangakkara
335992,2008,12,26/04/2008,Bangalore,M Chinnaswamy Stadium,Royal Challengers Bangalore,Rajasthan Royals,Rajasthan Royals,field,win,Rajasthan Royals,,7,Shane Robert Watson
335993,2008,11,26/04/2008,Chennai,"MA Chidambaram Stadium, Chepauk",Chennai Super Kings,Kolkata Knight Riders,Kolkata Knight Riders,bat,win,Chennai Super Kings,,9,Jacob David Philip Oram
335994,2008,14,27/04/2008,Mumbai,Dr DY Patil Sports Academy,Mumbai Indians,Sunrisers Hyderabad,Sunrisers Hyderabad,field,win,Sunrisers Hyderabad,,10,Adam Craig Gilchrist
335995,2008,13,27/04/2008,Chandigarh,"Punjab Cricket Association Stadium, Mohali",Punjab Kings,Delhi Capitals,Delhi Capitals,bat,win,Punjab Kings,,4,Simon Mathew Katich
335996,2008,15,28/04/2008,Bangalore,M Chinnaswamy Stadium,Royal Challengers Bangalore,Chennai Super Kings,Chennai Super Kings,bat,win,Chennai Super Kings,13,,Mahendra Singh Dhoni
335997,2008,16,29/04/2008,Kolkata,Eden Gardens,Kolkata Knight Riders,Mumbai Indians,Kolkata Knight Riders,bat,win,Mumbai Indians,,7,Sanath Teran Jayasuriya
335998,2008,17,30/04/2008,Delhi,Feroz Shah Kotla,Delhi Capitals,Royal Challengers Bangalore,Royal Challengers Bangalore,field,win,Delhi Capitals,10,,Glenn Donald McGrath
335999,2008,19,01/05/2008,Hyderabad,"Rajiv Gandhi International Stadium, Uppal",Sunrisers Hyderabad,Punjab Kings,Punjab Kings,field,win,Punjab Kings,,7,Shaun Edward Marsh
336000,2008,18,01/05/2008,Jaipur,Sawai Mansingh Stadium,Rajasthan Royals,Kolkata Knight Riders,Rajasthan Royals,bat,win,Rajasthan Royals,45,,Swapnil Ashok Asnodkar
336001,2008,20,02/05/2008,Chennai,"MA Chidambaram Stadium, Chepauk",Chennai Super Kings,Delhi Capitals,Chennai Super Kings,bat,win,Delhi Capitals,,8,Virender Sehwag
336002,2008,51,25/05/2008,Hyderabad,"Rajiv Gandhi International Stadium, Uppal",Sunrisers Hyderabad,Royal Challengers Bangalore,Sunrisers Hyderabad,bat,win,Royal Challengers Bangalore,,5,Ranganath Vinay Kumar
336003,2008,22,03/05/2008,Chandigarh,"Punjab Cricket Association Stadium, Mohali",Punjab Kings,Kolkata Knight Riders,Punjab Kings,bat,win,Punjab Kings,9,,Irfan Khan Pathan
336004,2008,23,04/05/2008,Mumbai,Dr DY Patil Sports Academy,Mumbai Indians,Delhi Capitals,Delhi Capitals,field,win,Mumbai Indians,29,,Shaun Maclean Pollock
336005,2008,24,04/05/2008,Jaipur,Sawai Mansingh Stadium,Rajasthan Royals,Chennai Super Kings,Chennai Super Kings,bat,win,Rajasthan Royals,,8,Sohail Tanvir
336006,2008,25,05/05/2008,Bangalore,M Chinnaswamy Stadium,Royal Challengers Bangalore,Punjab Kings,Punjab Kings,field,win,Punjab Kings,,6,Shanthakumaran Sreesanth
336007,2008,26,06/05/2008,Chennai,"MA Chidambaram Stadium, Chepauk",Chennai Super Kings,Sunrisers Hyderabad,Sunrisers Hyderabad,field,win,Sunrisers Hyderabad,,7,Adam Craig Gilchrist
336008,2008,27,07/05/2008,Mumbai,Dr DY Patil Sports Academy,Mumbai Indians,Rajasthan Royals,Mumbai Indians,field,win,Mumbai Indians,,7,Ashish Nehra
336009,2008,28,08/05/2008,Delhi,Feroz Shah Kotla,Delhi Capitals,Chennai Super Kings,Chennai Super Kings,field,win,Chennai Super Kings,,4,Mahendra Singh Dhoni
336010,2008,29,08/05/2008,Kolkata,Eden Gardens,Kolkata Knight Riders,Royal Challengers Bangalore,Kolkata Knight Riders,bat,win,Kolkata Knight Riders,5,,Sourav Chandidas Ganguly
336011,2008,30,09/05/2008,Jaipur,Sawai Mansingh Stadium,Rajasthan Royals,Sunrisers Hyderabad,Rajasthan Royals,field,win,Rajasthan Royals,,8,Yusuf Khan Pathan
336012,2008,55,28/05/2008,Bangalore,M Chinnaswamy Stadium,Royal Challengers Bangalore,Mumbai Indians,Mumbai Indians,field,win,Mumbai Indians,,9,Congenige Randhi Dilhara Fernando
336013,2008,31,10/05/2008,Chennai,"MA Chidambaram Stadium, Chepauk",Chennai Super Kings,Punjab Kings,Punjab Kings,field,win,Chennai Super Kings,18,,Lakshmipathy Balaji
336014,2008,32,11/05/2008,Hyderabad,"Rajiv Gandhi International Stadium, Uppal",Sunrisers Hyderabad,Kolkata Knight Riders,Kolkata Knight Riders,bat,win,Kolkata Knight Riders,23,,Sourav Chandidas Ganguly
336015,2008,33,11/05/2008,Jaipur,Sawai Mansingh Stadium,Rajasthan Royals,Delhi Capitals,Rajasthan Royals,field,win,Rajasthan Royals,,3,Shane Robert Watson
336016,2008,34,12/05/2008,Chandigarh,"Punjab Cricket Association Stadium, Mohali",Punjab Kings,Royal Challengers Bangalore,Royal Challengers Bangalore,bat,win,Punjab Kings,,9,Shaun Edward Marsh
336017,2008,35,13/05/2008,Kolkata,Eden Gardens,Kolkata Knight Riders,Delhi Capitals,Kolkata Knight Riders,bat,win,Kolkata Knight Riders,23,,Shoaib Akhtar
336018,2008,36,14/05/2008,Mumbai,Wankhede Stadium,Mumbai Indians,Chennai Super Kings,Mumbai Indians,field,win,Mumbai Indians,,9,Sanath Teran Jayasuriya
336019,2008,56,28/05/2008,Chandigarh,"Punjab Cricket Association Stadium, Mohali",Punjab Kings,Rajasthan Royals,Rajasthan Royals,field,win,Punjab Kings,41,,Shaun Edward Marsh
336020,2008,37,15/05/2008,Delhi,Feroz Shah Kotla,Delhi Capitals,Sunrisers Hyderabad,Sunrisers Hyderabad,field,win,Delhi Capitals,12,,Amit Mishra
336021,2008,38,16/05/2008,Mumbai,Wankhede Stadium,Mumbai Indians,Kolkata Knight Riders,Mumbai Indians,field,win,Mumbai Indians,,8,Shaun Maclean Pollock
336022,2008,40,17/05/2008,Delhi,Feroz Shah Kotla,Delhi Capitals,Punjab Kings,Delhi Capitals,bat,win,Punjab Kings,6,,Denagamage Proboth Mahela de Silva Jayawardene
336023,2008,39,17/05/2008,Jaipur,Sawai Mansingh Stadium,Rajasthan Royals,Royal Challengers Bangalore,Royal Challengers Bangalore,field,win,Rajasthan Royals,65,,Graeme Craig Smith
336024,2008,42,18/05/2008,Hyderabad,"Rajiv Gandhi International Stadium, Uppal",Sunrisers Hyderabad,Mumbai Indians,Sunrisers Hyderabad,field,win,Mumbai Indians,25,,Dwayne John Bravo
336025,2008,41,18/05/2008,Kolkata,Eden Gardens,Kolkata Knight Riders,Chennai Super Kings,Kolkata Knight Riders,bat,win,Chennai Super Kings,3,,Makhaya Ntini
336026,2008,43,19/05/2008,Bangalore,M Chinnaswamy Stadium,Royal Challengers Bangalore,Delhi Capitals,Delhi Capitals,field,win,Delhi Capitals,,5,Shreevats Pratyush Goswami
336027,2008,44,20/05/2008,Kolkata,Eden Gardens,Kolkata Knight Riders,Rajasthan Royals,Rajasthan Royals,field,win,Rajasthan Royals,,6,Yusuf Khan Pathan
336028,2008,45,21/05/2008,Mumbai,Wankhede Stadium,Mumbai Indians,Punjab Kings,Mumbai Indians,field,win,Punjab Kings,1,,Shaun Edward Marsh
336029,2008,46,21/05/2008,Chennai,"MA Chidambaram Stadium, Chepauk",Chennai Super Kings,Royal Challengers Bangalore,Royal Challengers Bangalore,bat,win,Royal Challengers Bangalore,14,,Anil Kumble
336031,2008,48,23/05/2008,Chandigarh,"Punjab Cricket Association Stadium, Mohali",Punjab Kings,Sunrisers Hyderabad,Punjab Kings,field,win,Punjab Kings,,6,Shaun Edward Marsh
336032,2008,50,24/05/2008,Delhi,Feroz Shah Kotla,Delhi Capitals,Mumbai Indians,Delhi Capitals,field,win,Delhi Capitals,,5,Krishnakumar Dinesh Karthik
336033,2008,49,24/05/2008,Chennai,"MA Chidambaram Stadium, Chepauk",Chennai Super Kings,Rajasthan Royals,Rajasthan Royals,bat,win,Rajasthan Royals,10,,Johannes Albertus Morkel
336034,2008,21,03/05/2008,Bangalore,M Chinnaswamy Stadium,Royal Challengers Bangalore,Sunrisers Hyderabad,Sunrisers Hyderabad,field,win,Royal Challengers Bangalore,3,,Praveenkumar Sakat Singh
336035,2008,52,25/05/2008,Kolkata,Eden Gardens,Kolkata Knight Riders,Punjab Kings,Punjab Kings,bat,win,Kolkata Knight Riders,,3,Umar Gul
336036,2008,53,26/05/2008,Jaipur,Sawai Mansingh Stadium,Rajasthan Royals,Mumbai Indians,Rajasthan Royals,field,win,Rajasthan Royals,,5,Sohail Tanvir
336037,2008,54,27/05/2008,Hyderabad,"Rajiv Gandhi International Stadium, Uppal",Sunrisers Hyderabad,Chennai Super Kings,Sunrisers Hyderabad,bat,win,Chennai Super Kings,,7,Suresh Kumar Raina
336038,2008,,30/05/2008,Mumbai,Wankhede Stadium,Delhi Capitals,Rajasthan Royals,Delhi Capitals,field,win,Rajasthan Royals,105,,Shane Robert Watson
336039,2008,,31/05/2008,Mumbai,Wankhede Stadium,Chennai Super Kings,Punjab Kings,Punjab Kings,bat,win,Chennai Super Kings,,9,Makhaya Ntini
336040,2008,,01/06/2008,Mumbai,Dr DY Patil Sports Academy,Chennai Super Kings,Rajasthan Royals,Rajasthan Royals,field,win,Rajasthan Royals,,3,Yusuf Khan Pathan
392181,2009,1,18/04/2009,Cape Town,Newlands,Chennai Super Kings,Mumbai Indians,Chennai Super Kings,field,win,Mumbai Indians,19,,Sachin Ramesh Tendulkar
392182,2009,2,18/04/2009,Cape Town,Newlands,Royal Challengers Bangalore,Rajasthan Royals,Royal Challengers Bangalore,bat,win,Royal Challengers Bangalore,75,,Rahul Sharad Dravid
392183,2009,3,19/04/2009,Cape Town,Newlands,Delhi Capitals,Punjab Kings,Delhi Capitals,field,win,Delhi Capitals,,10,Daniel Luca Vettori
392184,2009,4,19/04/2009,Cape Town,Newlands,Sunrisers Hyderabad,Kolkata Knight Riders,Kolkata Knight Riders,bat,win,Sunrisers Hyderabad,,8,Rudra Pratap Singh
392185,2009,5,20/04/2009,Port Elizabeth,St George's Park,Royal Challengers Bangalore,Chennai Super Kings,Chennai Super Kings,bat,win,Chennai Super Kings,92,,Muthiah Muralidaran
392186,2009,6,21/04/2009,Durban,Kingsmead,Punjab Kings,Kolkata Knight Riders,Kolkata Knight Riders,field,win,Kolkata Knight Riders,11,,Christopher Henry Gayle
392188,2009,8,22/04/2009,Cape Town,Newlands,Royal Challengers Bangalore,Sunrisers Hyderabad,Sunrisers Hyderabad,bat,win,Sunrisers Hyderabad,24,,Adam Craig Gilchrist
392189,2009,9,23/04/2009,Durban,Kingsmead,Chennai Super Kings,Delhi Capitals,Delhi Capitals,bat,win,Delhi Capitals,9,,Abraham Benjamin de Villiers
392190,2009,10,23/04/2009,Cape Town,Newlands,Kolkata Knight Riders,Rajasthan Royals,Kolkata Knight Riders,field,tie,Rajasthan Royals,,,Yusuf Khan Pathan
392191,2009,11,24/04/2009,Durban,Kingsmead,Royal Challengers Bangalore,Punjab Kings,Royal Challengers Bangalore,bat,win,Punjab Kings,,7,Ravinder Singh Bopara
392192,2009,12,25/04/2009,Durban,Kingsmead,Sunrisers Hyderabad,Mumbai Indians,Sunrisers Hyderabad,bat,win,Sunrisers Hyderabad,12,,Pragyan Prayash Ojha
392194,2009,14,26/04/2009,Port Elizabeth,St George's Park,Royal Challengers Bangalore,Delhi Capitals,Royal Challengers Bangalore,bat,win,Delhi Capitals,,6,Tillakaratne Mudiyanselage Dilshan
392195,2009,15,26/04/2009,Cape Town,Newlands,Punjab Kings,Rajasthan Royals,Punjab Kings,bat,win,Punjab Kings,27,,Kumar Chokshanada Sangakkara
392196,2009,16,27/04/2009,Durban,Kingsmead,Chennai Super Kings,Sunrisers Hyderabad,Sunrisers Hyderabad,field,win,Sunrisers Hyderabad,,6,Herschelle Herman Gibbs
392197,2009,17,27/04/2009,Port Elizabeth,St George's Park,Kolkata Knight Riders,Mumbai Indians,Mumbai Indians,bat,win,Mumbai Indians,92,,Sachin Ramesh Tendulkar
392198,2009,18,28/04/2009,Centurion,SuperSport Park,Delhi Capitals,Rajasthan Royals,Delhi Capitals,bat,win,Rajasthan Royals,,5,Yusuf Khan Pathan
392199,2009,19,29/04/2009,Durban,Kingsmead,Royal Challengers Bangalore,Kolkata Knight Riders,Kolkata Knight Riders,bat,win,Royal Challengers Bangalore,,5,Mark Verdon Boucher
392200,2009,20,29/04/2009,Durban,Kingsmead,Punjab Kings,Mumbai Indians,Punjab Kings,bat,win,Punjab Kings,3,,Kumar Chokshanada Sangakkara
392201,2009,21,30/04/2009,Centurion,SuperSport Park,Sunrisers Hyderabad,Delhi Capitals,Delhi Capitals,field,win,Delhi Capitals,,6,Dirk Peter Nannes
392202,2009,22,30/04/2009,Centurion,SuperSport Park,Chennai Super Kings,Rajasthan Royals,Rajasthan Royals,field,win,Chennai Super Kings,38,,Suresh Kumar Raina
392203,2009,23,01/05/2009,East London,Buffalo Park,Kolkata Knight Riders,Mumbai Indians,Mumbai Indians,bat,win,Mumbai Indians,9,,Jean-Paul Duminy
392204,2009,24,01/05/2009,Durban,Kingsmead,Royal Challengers Bangalore,Punjab Kings,Royal Challengers Bangalore,bat,win,Royal Challengers Bangalore,8,,Yuvraj Singh
392205,2009,25,02/05/2009,Port Elizabeth,St George's Park,Sunrisers Hyderabad,Rajasthan Royals,Sunrisers Hyderabad,bat,win,Rajasthan Royals,,3,Yusuf Khan Pathan
392206,2009,26,02/05/2009,Johannesburg,New Wanderers Stadium,Chennai Super Kings,Delhi Capitals,Delhi Capitals,field,win,Chennai Super Kings,18,,Shadab Bashir Jakati
392207,2009,27,03/05/2009,Port Elizabeth,St George's Park,Punjab Kings,Kolkata Knight Riders,Kolkata Knight Riders,bat,win,Punjab Kings,,6,Denagamage Proboth Mahela de Silva Jayawardene
392208,2009,28,03/05/2009,Johannesburg,New Wanderers Stadium,Royal Challengers Bangalore,Mumbai Indians,Mumbai Indians,bat,win,Royal Challengers Bangalore,,9,Jacques Henry Kallis
392209,2009,29,04/05/2009,East London,Buffalo Park,Chennai Super Kings,Sunrisers Hyderabad,Chennai Super Kings,bat,win,Chennai Super Kings,78,,Mahendra Singh Dhoni
392210,2009,30,05/05/2009,Durban,Kingsmead,Punjab Kings,Rajasthan Royals,Punjab Kings,field,win,Rajasthan Royals,78,,Graeme Craig Smith
392211,2009,31,05/05/2009,Durban,Kingsmead,Delhi Capitals,Kolkata Knight Riders,Kolkata Knight Riders,bat,win,Delhi Capitals,,9,Gautam Gambhir
392212,2009,32,06/05/2009,Centurion,SuperSport Park,Sunrisers Hyderabad,Mumbai Indians,Sunrisers Hyderabad,bat,win,Sunrisers Hyderabad,19,,Rohit Gurunath Sharma
392213,2009,33,07/05/2009,Centurion,SuperSport Park,Royal Challengers Bangalore,Rajasthan Royals,Rajasthan Royals,field,win,Rajasthan Royals,,7,Amit Singh
392214,2009,34,07/05/2009,Centurion,SuperSport Park,Chennai Super Kings,Punjab Kings,Chennai Super Kings,bat,win,Chennai Super Kings,12,,Matthew Lawrence Hayden
392215,2009,35,08/05/2009,East London,Buffalo Park,Delhi Capitals,Mumbai Indians,Mumbai Indians,bat,win,Delhi Capitals,,7,Ashish Nehra
392216,2009,36,09/05/2009,Kimberley,De Beers Diamond Oval,Sunrisers Hyderabad,Punjab Kings,Punjab Kings,field,win,Punjab Kings,,3,Denagamage Proboth Mahela de Silva Jayawardene
392217,2009,37,09/05/2009,Kimberley,De Beers Diamond Oval,Chennai Super Kings,Rajasthan Royals,Rajasthan Royals,bat,win,Chennai Super Kings,,7,Subramaniam Badrinath
392218,2009,38,10/05/2009,Port Elizabeth,St George's Park,Royal Challengers Bangalore,Mumbai Indians,Mumbai Indians,bat,win,Mumbai Indians,16,,Jean-Paul Duminy
392219,2009,39,10/05/2009,Johannesburg,New Wanderers Stadium,Delhi Capitals,Kolkata Knight Riders,Delhi Capitals,field,win,Delhi Capitals,,7,Amit Mishra
392220,2009,40,11/05/2009,Kimberley,De Beers Diamond Oval,Sunrisers Hyderabad,Rajasthan Royals,Sunrisers Hyderabad,bat,win,Sunrisers Hyderabad,53,,Dwayne Romel Smith
392221,2009,41,12/05/2009,Centurion,SuperSport Park,Royal Challengers Bangalore,Kolkata Knight Riders,Royal Challengers Bangalore,field,win,Royal Challengers Bangalore,,6,Luteru Ross Poutoa Lote Taylor
392222,2009,42,12/05/2009,Centurion,SuperSport Park,Punjab Kings,Mumbai Indians,Punjab Kings,bat,win,Mumbai Indians,,8,Harbhajan Singh
392223,2009,43,13/05/2009,Durban,Kingsmead,Sunrisers Hyderabad,Delhi Capitals,Sunrisers Hyderabad,field,win,Delhi Capitals,12,,Rajat Bhatia
392224,2009,44,14/05/2009,Durban,Kingsmead,Royal Challengers Bangalore,Chennai Super Kings,Chennai Super Kings,bat,win,Royal Challengers Bangalore,,2,Luteru Ross Poutoa Lote Taylor
392225,2009,45,14/05/2009,Durban,Kingsmead,Mumbai Indians,Rajasthan Royals,Rajasthan Royals,bat,win,Rajasthan Royals,2,,Shane Keith Warne
392226,2009,46,15/05/2009,Bloemfontein,OUTsurance Oval,Delhi Capitals,Punjab Kings,Punjab Kings,field,win,Punjab Kings,,6,Brett Lee
392227,2009,47,16/05/2009,Port Elizabeth,St George's Park,Chennai Super Kings,Mumbai Indians,Mumbai Indians,bat,win,Chennai Super Kings,,7,Matthew Lawrence Hayden
392228,2009,48,16/05/2009,Johannesburg,New Wanderers Stadium,Sunrisers Hyderabad,Kolkata Knight Riders,Sunrisers Hyderabad,field,win,Sunrisers Hyderabad,,6,Rohit Gurunath Sharma
392229,2009,49,17/05/2009,Johannesburg,New Wanderers Stadium,Sunrisers Hyderabad,Punjab Kings,Sunrisers Hyderabad,field,win,Punjab Kings,1,,Yuvraj Singh
392230,2009,50,17/05/2009,Bloemfontein,OUTsurance Oval,Delhi Capitals,Rajasthan Royals,Delhi Capitals,bat,win,Delhi Capitals,14,,Abraham Benjamin de Villiers
392231,2009,51,18/05/2009,Centurion,SuperSport Park,Chennai Super Kings,Kolkata Knight Riders,Chennai Super Kings,bat,win,Kolkata Knight Riders,,7,Bradley John Hodge
392232,2009,52,19/05/2009,Johannesburg,New Wanderers Stadium,Royal Challengers Bangalore,Delhi Capitals,Delhi Capitals,bat,win,Royal Challengers Bangalore,,7,Jacques Henry Kallis
392233,2009,53,20/05/2009,Durban,Kingsmead,Kolkata Knight Riders,Rajasthan Royals,Kolkata Knight Riders,field,win,Kolkata Knight Riders,,4,Laxmi Ratan Shukla
392234,2009,54,20/05/2009,Durban,Kingsmead,Chennai Super Kings,Punjab Kings,Chennai Super Kings,bat,win,Chennai Super Kings,24,,Muthiah Muralidaran
392235,2009,55,21/05/2009,Centurion,SuperSport Park,Delhi Capitals,Mumbai Indians,Delhi Capitals,field,win,Delhi Capitals,,4,Virender Sehwag
392236,2009,56,21/05/2009,Centurion,SuperSport Park,Royal Challengers Bangalore,Sunrisers Hyderabad,Royal Challengers Bangalore,bat,win,Royal Challengers Bangalore,12,,Manish Krishnanand Pandey
392237,2009,,22/05/2009,Centurion,SuperSport Park,Delhi Capitals,Sunrisers Hyderabad,Sunrisers Hyderabad,field,win,Sunrisers Hyderabad,,6,Adam Craig Gilchrist
392238,2009,,23/05/2009,Johannesburg,New Wanderers Stadium,Royal Challengers Bangalore,Chennai Super Kings,Royal Challengers Bangalore,field,win,Royal Challengers Bangalore,,6,Manish Krishnanand Pandey
392239,2009,,24/05/2009,Johannesburg,New Wanderers Stadium,Royal Challengers Bangalore,Sunrisers Hyderabad,Royal Challengers Bangalore,field,win,Sunrisers Hyderabad,6,,Anil Kumble
419106,2010,1,12/03/2010,Mumbai,Dr DY Patil Sports Academy,Sunrisers Hyderabad,Kolkata Knight Riders,Sunrisers Hyderabad,field,win,Kolkata Knight Riders,11,,Angelo Davis Mathews
419107,2010,2,13/03/2010,Mumbai,Brabourne Stadium,Mumbai Indians,Rajasthan Royals,Mumbai Indians,bat,win,Mumbai Indians,4,,Yusuf Khan Pathan
419108,2010,3,13/03/2010,Chandigarh,"Punjab Cricket Association Stadium, Mohali",Punjab Kings,Delhi Capitals,Delhi Capitals,field,win,Delhi Capitals,,5,Gautam Gambhir
419109,2010,4,14/03/2010,Kolkata,Eden Gardens,Kolkata Knight Riders,Royal Challengers Bangalore,Kolkata Knight Riders,field,win,Kolkata Knight Riders,,7,Manoj Kumar Tiwary
419110,2010,5,14/03/2010,Chennai,"MA Chidambaram Stadium, Chepauk",Chennai Super Kings,Sunrisers Hyderabad,Sunrisers Hyderabad,bat,win,Sunrisers Hyderabad,31,,Warnakulasuriya Patabendige Ushantha Joseph Chaminda Vaas
419111,2010,6,15/03/2010,Ahmedabad,"Sardar Patel Stadium, Motera",Rajasthan Royals,Delhi Capitals,Delhi Capitals,field,win,Delhi Capitals,,6,Virender Sehwag
419112,2010,7,16/03/2010,Bangalore,M Chinnaswamy Stadium,Royal Challengers Bangalore,Punjab Kings,Punjab Kings,bat,win,Royal Challengers Bangalore,,8,Jacques Henry Kallis
419113,2010,8,16/03/2010,Kolkata,Eden Gardens,Kolkata Knight Riders,Chennai Super Kings,Chennai Super Kings,bat,win,Chennai Super Kings,55,,Mahendra Singh Dhoni
419114,2010,9,17/03/2010,Delhi,Feroz Shah Kotla,Delhi Capitals,Mumbai Indians,Delhi Capitals,field,win,Mumbai Indians,98,,Sachin Ramesh Tendulkar
419115,2010,10,18/03/2010,Bangalore,M Chinnaswamy Stadium,Royal Challengers Bangalore,Rajasthan Royals,Royal Challengers Bangalore,field,win,Royal Challengers Bangalore,,10,Jacques Henry Kallis
419116,2010,11,19/03/2010,Delhi,Feroz Shah Kotla,Delhi Capitals,Chennai Super Kings,Delhi Capitals,bat,win,Chennai Super Kings,,5,Matthew Lawrence Hayden
419117,2010,12,19/03/2010,Cuttack,Barabati Stadium,Sunrisers Hyderabad,Punjab Kings,Punjab Kings,field,win,Sunrisers Hyderabad,6,,Andrew Symonds
419118,2010,13,20/03/2010,Ahmedabad,"Sardar Patel Stadium, Motera",Rajasthan Royals,Kolkata Knight Riders,Rajasthan Royals,bat,win,Rajasthan Royals,34,,Abhishek Arunkumar Jhunjhunwala
419119,2010,14,20/03/2010,Mumbai,Brabourne Stadium,Mumbai Indians,Royal Challengers Bangalore,Mumbai Indians,bat,win,Royal Challengers Bangalore,,7,Jacques Henry Kallis
419120,2010,15,21/03/2010,Cuttack,Barabati Stadium,Sunrisers Hyderabad,Delhi Capitals,Sunrisers Hyderabad,bat,win,Sunrisers Hyderabad,10,,Andrew Symonds
419121,2010,16,21/03/2010,Chennai,"MA Chidambaram Stadium, Chepauk",Chennai Super Kings,Punjab Kings,Chennai Super Kings,field,tie,Punjab Kings,,,Juan Theron
419122,2010,17,22/03/2010,Mumbai,Brabourne Stadium,Mumbai Indians,Kolkata Knight Riders,Kolkata Knight Riders,bat,win,Mumbai Indians,,7,Sachin Ramesh Tendulkar
419123,2010,18,23/03/2010,Bangalore,M Chinnaswamy Stadium,Royal Challengers Bangalore,Chennai Super Kings,Chennai Super Kings,field,win,Royal Challengers Bangalore,36,,Robin Venu Uthappa
419124,2010,19,24/03/2010,Chandigarh,"Punjab Cricket Association Stadium, Mohali",Punjab Kings,Rajasthan Royals,Punjab Kings,field,win,Rajasthan Royals,31,,Adam Charles Voges
419125,2010,21,25/03/2010,Mumbai,"Brabourne Stadium, Mumbai",Chennai Super Kings,Mumbai Indians,Mumbai Indians,field,win,Mumbai Indians,,5,Sachin Ramesh Tendulkar
419126,2010,22,26/03/2010,Ahmedabad,"Sardar Patel Stadium, Motera",Rajasthan Royals,Sunrisers Hyderabad,Sunrisers Hyderabad,bat,win,Rajasthan Royals,,8,Yusuf Khan Pathan
419127,2010,23,27/03/2010,Chandigarh,"Punjab Cricket Association Stadium, Mohali",Punjab Kings,Kolkata Knight Riders,Kolkata Knight Riders,bat,win,Kolkata Knight Riders,39,,Manoj Kumar Tiwary
419128,2010,20,25/03/2010,Bangalore,M Chinnaswamy Stadium,Royal Challengers Bangalore,Delhi Capitals,Royal Challengers Bangalore,field,win,Delhi Capitals,17,,Kedar Mahadav Jadhav
419129,2010,24,28/03/2010,Ahmedabad,"Sardar Patel Stadium, Motera",Rajasthan Royals,Chennai Super Kings,Rajasthan Royals,bat,win,Rajasthan Royals,17,,Naman Vinaykumar Ojha
419130,2010,25,28/03/2010,Mumbai,Dr DY Patil Sports Academy,Sunrisers Hyderabad,Mumbai Indians,Sunrisers Hyderabad,field,win,Mumbai Indians,41,,Harbhajan Singh
419131,2010,26,29/03/2010,Delhi,Feroz Shah Kotla,Delhi Capitals,Kolkata Knight Riders,Delhi Capitals,bat,win,Delhi Capitals,40,,David Andrew Warner
419132,2010,27,30/03/2010,Mumbai,Brabourne Stadium,Mumbai Indians,Punjab Kings,Mumbai Indians,field,win,Mumbai Indians,,4,Separamadu Lasith Malinga
419133,2010,28,31/03/2010,Chennai,"MA Chidambaram Stadium, Chepauk",Chennai Super Kings,Royal Challengers Bangalore,Royal Challengers Bangalore,bat,win,Chennai Super Kings,,5,Murali Vijay
419134,2010,29,31/03/2010,Delhi,Feroz Shah Kotla,Delhi Capitals,Rajasthan Royals,Delhi Capitals,bat,win,Delhi Capitals,67,,Krishnakumar Dinesh Karthik
419135,2010,30,01/04/2010,Kolkata,Eden Gardens,Kolkata Knight Riders,Sunrisers Hyderabad,Kolkata Knight Riders,bat,win,Kolkata Knight Riders,24,,Sourav Chandidas Ganguly
419136,2010,31,02/04/2010,Chandigarh,"Punjab Cricket Association Stadium, Mohali",Punjab Kings,Royal Challengers Bangalore,Punjab Kings,bat,win,Royal Challengers Bangalore,,6,Kevin Peter Pietersen
419137,2010,32,03/04/2010,Chennai,"MA Chidambaram Stadium, Chepauk",Chennai Super Kings,Rajasthan Royals,Chennai Super Kings,bat,win,Chennai Super Kings,23,,Murali Vijay
419138,2010,33,03/04/2010,Mumbai,Brabourne Stadium,Mumbai Indians,Sunrisers Hyderabad,Mumbai Indians,bat,win,Mumbai Indians,63,,Ambati Thirupathi Rayudu
419139,2010,34,04/04/2010,Kolkata,Eden Gardens,Kolkata Knight Riders,Punjab Kings,Kolkata Knight Riders,bat,win,Punjab Kings,,8,Denagamage Proboth Mahela de Silva Jayawardene
419140,2010,35,04/04/2010,Delhi,Feroz Shah Kotla,Delhi Capitals,Royal Challengers Bangalore,Delhi Capitals,bat,win,Delhi Capitals,37,,Paul David Collingwood
419141,2010,36,05/04/2010,Nagpur,"Vidarbha Cricket Association Stadium, Jamtha",Sunrisers Hyderabad,Rajasthan Royals,Rajasthan Royals,bat,win,Rajasthan Royals,2,,Shane Keith Warne
419142,2010,37,06/04/2010,Chennai,"MA Chidambaram Stadium, Chepauk",Chennai Super Kings,Mumbai Indians,Chennai Super Kings,bat,win,Chennai Super Kings,24,,Suresh Kumar Raina
419143,2010,38,07/04/2010,Jaipur,Sawai Mansingh Stadium,Rajasthan Royals,Punjab Kings,Punjab Kings,bat,win,Rajasthan Royals,,9,Michael John Lumb
419144,2010,39,07/04/2010,Kolkata,Eden Gardens,Kolkata Knight Riders,Delhi Capitals,Kolkata Knight Riders,bat,win,Kolkata Knight Riders,14,,Sourav Chandidas Ganguly
419145,2010,40,08/04/2010,Bangalore,M Chinnaswamy Stadium,Royal Challengers Bangalore,Sunrisers Hyderabad,Sunrisers Hyderabad,field,win,Sunrisers Hyderabad,,7,Tirumalasetti Laxminarayana Suman
419146,2010,41,09/04/2010,Chandigarh,"Punjab Cricket Association Stadium, Mohali",Punjab Kings,Mumbai Indians,Mumbai Indians,bat,win,Punjab Kings,,6,Kumar Chokshanada Sangakkara
419147,2010,42,10/04/2010,Nagpur,"Vidarbha Cricket Association Stadium, Jamtha",Sunrisers Hyderabad,Chennai Super Kings,Chennai Super Kings,bat,win,Sunrisers Hyderabad,,6,Ryan James Harris
419148,2010,43,10/04/2010,Bangalore,M Chinnaswamy Stadium,Royal Challengers Bangalore,Kolkata Knight Riders,Royal Challengers Bangalore,field,win,Royal Challengers Bangalore,,7,Ranganath Vinay Kumar
419149,2010,44,11/04/2010,Delhi,Feroz Shah Kotla,Delhi Capitals,Punjab Kings,Delhi Capitals,bat,win,Punjab Kings,,7,Piyush Pramod Chawla
419150,2010,45,11/04/2010,Jaipur,Sawai Mansingh Stadium,Rajasthan Royals,Mumbai Indians,Rajasthan Royals,field,win,Mumbai Indians,37,,Sachin Ramesh Tendulkar
419151,2010,46,12/04/2010,Nagpur,"Vidarbha Cricket Association Stadium, Jamtha",Sunrisers Hyderabad,Royal Challengers Bangalore,Royal Challengers Bangalore,field,win,Sunrisers Hyderabad,13,,Harmeet Singh Bansal
419152,2010,47,13/04/2010,Mumbai,Brabourne Stadium,Mumbai Indians,Delhi Capitals,Mumbai Indians,bat,win,Mumbai Indians,39,,Kieron Adrian Pollard
419153,2010,48,13/04/2010,Chennai,"MA Chidambaram Stadium, Chepauk",Chennai Super Kings,Kolkata Knight Riders,Kolkata Knight Riders,bat,win,Chennai Super Kings,,9,Ravichandran Ashwin
419154,2010,49,14/04/2010,Jaipur,Sawai Mansingh Stadium,Rajasthan Royals,Royal Challengers Bangalore,Rajasthan Royals,bat,win,Royal Challengers Bangalore,,5,Kevin Peter Pietersen
419155,2010,50,15/04/2010,Chennai,"MA Chidambaram Stadium, Chepauk",Chennai Super Kings,Delhi Capitals,Chennai Super Kings,bat,win,Delhi Capitals,,6,Gautam Gambhir
419156,2010,51,16/04/2010,Dharamsala,Himachal Pradesh Cricket Association Stadium,Punjab Kings,Sunrisers Hyderabad,Sunrisers Hyderabad,field,win,Sunrisers Hyderabad,,5,Rohit Gurunath Sharma
419157,2010,52,17/04/2010,Bangalore,M Chinnaswamy Stadium,Royal Challengers Bangalore,Mumbai Indians,Royal Challengers Bangalore,field,win,Mumbai Indians,57,,Ryan McLaren
419158,2010,53,17/04/2010,Kolkata,Eden Gardens,Kolkata Knight Riders,Rajasthan Royals,Rajasthan Royals,bat,win,Kolkata Knight Riders,,8,Jaydev Dipakbhai Unadkat
419159,2010,54,18/04/2010,Dharamsala,Himachal Pradesh Cricket Association Stadium,Punjab Kings,Chennai Super Kings,Chennai Super Kings,field,win,Chennai Super Kings,,6,Mahendra Singh Dhoni
419160,2010,55,18/04/2010,Delhi,Feroz Shah Kotla,Delhi Capitals,Sunrisers Hyderabad,Sunrisers Hyderabad,bat,win,Sunrisers Hyderabad,11,,Andrew Symonds
419161,2010,56,19/04/2010,Kolkata,Eden Gardens,Kolkata Knight Riders,Mumbai Indians,Mumbai Indians,bat,win,Kolkata Knight Riders,,9,Murali Kartik
419162,2010,,21/04/2010,Mumbai,Dr DY Patil Sports Academy,Royal Challengers Bangalore,Mumbai Indians,Mumbai Indians,bat,win,Mumbai Indians,35,,Kieron Adrian Pollard
419163,2010,,22/04/2010,Mumbai,Dr DY Patil Sports Academy,Chennai Super Kings,Sunrisers Hyderabad,Chennai Super Kings,bat,win,Chennai Super Kings,38,,Douglas Erwin Bollinger
419164,2010,,24/04/2010,Mumbai,Dr DY Patil Sports Academy,Royal Challengers Bangalore,Sunrisers Hyderabad,Sunrisers Hyderabad,bat,win,Royal Challengers Bangalore,,9,Anil Kumble
419165,2010,,25/04/2010,Mumbai,Dr DY Patil Sports Academy,Chennai Super Kings,Mumbai Indians,Chennai Super Kings,bat,win,Chennai Super Kings,22,,Suresh Kumar Raina
501198,2011,1,08/04/2011,Chennai,"MA Chidambaram Stadium, Chepauk",Chennai Super Kings,Kolkata Knight Riders,Chennai Super Kings,bat,win,Chennai Super Kings,2,,Srikkanth Anirudha
501199,2011,2,09/04/2011,Hyderabad,"Rajiv Gandhi International Stadium, Uppal",Sunrisers Hyderabad,Rajasthan Royals,Rajasthan Royals,field,win,Rajasthan Royals,,8,Siddharth Kishorkumar Trivedi
501200,2011,3,09/04/2011,Kochi,Nehru Stadium,Kochi Tuskers Kerala,Royal Challengers Bangalore,Kochi Tuskers Kerala,bat,win,Royal Challengers Bangalore,,6,Abraham Benjamin de Villiers
501201,2011,4,10/04/2011,Delhi,Feroz Shah Kotla,Delhi Capitals,Mumbai Indians,Delhi Capitals,bat,win,Mumbai Indians,,8,Separamadu Lasith Malinga
501202,2011,5,10/04/2011,Mumbai,Dr DY Patil Sports Academy,Pune Warriors,Punjab Kings,Punjab Kings,bat,win,Pune Warriors,,7,Shrikant Bhaskar Wagh
501203,2011,6,11/04/2011,Kolkata,Eden Gardens,Kolkata Knight Riders,Sunrisers Hyderabad,Kolkata Knight Riders,bat,win,Kolkata Knight Riders,9,,Jacques Henry Kallis
501204,2011,7,12/04/2011,Jaipur,Sawai Mansingh Stadium,Rajasthan Royals,Delhi Capitals,Delhi Capitals,bat,win,Rajasthan Royals,,6,Shane Keith Warne
501205,2011,8,12/04/2011,Bangalore,M Chinnaswamy Stadium,Royal Challengers Bangalore,Mumbai Indians,Mumbai Indians,field,win,Mumbai Indians,,9,Sachin Ramesh Tendulkar
501206,2011,9,13/04/2011,Chandigarh,"Punjab Cricket Association Stadium, Mohali",Punjab Kings,Chennai Super Kings,Punjab Kings,field,win,Punjab Kings,,6,Paul Chandrashekar Valthaty
501207,2011,10,13/04/2011,Mumbai,Dr DY Patil Sports Academy,Pune Warriors,Kochi Tuskers Kerala,Kochi Tuskers Kerala,bat,win,Pune Warriors,,4,Mohnish Dinesh Mishra
501208,2011,11,14/04/2011,Hyderabad,"Rajiv Gandhi International Stadium, Uppal",Sunrisers Hyderabad,Royal Challengers Bangalore,Royal Challengers Bangalore,field,win,Sunrisers Hyderabad,33,,Dale Willem Steyn
501209,2011,12,15/04/2011,Jaipur,Sawai Mansingh Stadium,Rajasthan Royals,Kolkata Knight Riders,Kolkata Knight Riders,field,win,Kolkata Knight Riders,,9,Gautam Gambhir
501210,2011,13,15/04/2011,Mumbai,Wankhede Stadium,Mumbai Indians,Kochi Tuskers Kerala,Kochi Tuskers Kerala,field,win,Kochi Tuskers Kerala,,8,Brendon Barrie McCullum
501211,2011,14,16/04/2011,Chennai,"MA Chidambaram Stadium, Chepauk",Chennai Super Kings,Royal Challengers Bangalore,Chennai Super Kings,bat,win,Chennai Super Kings,21,,Michael Edward Killeen Hussey
501212,2011,15,16/04/2011,Hyderabad,"Rajiv Gandhi International Stadium, Uppal",Sunrisers Hyderabad,Punjab Kings,Punjab Kings,field,win,Punjab Kings,,8,Paul Chandrashekar Valthaty
501213,2011,16,17/04/2011,Mumbai,Dr DY Patil Sports Academy,Pune Warriors,Delhi Capitals,Delhi Capitals,field,win,Delhi Capitals,,3,Yuvraj Singh
501214,2011,17,17/04/2011,Kolkata,Eden Gardens,Kolkata Knight Riders,Rajasthan Royals,Kolkata Knight Riders,field,win,Kolkata Knight Riders,,8,Lakshmipathy Balaji
501215,2011,18,18/04/2011,Kochi,Nehru Stadium,Kochi Tuskers Kerala,Chennai Super Kings,Kochi Tuskers Kerala,field,win,Kochi Tuskers Kerala,,7,Brendon Barrie McCullum
501216,2011,19,19/04/2011,Delhi,Feroz Shah Kotla,Delhi Capitals,Sunrisers Hyderabad,Sunrisers Hyderabad,bat,win,Sunrisers Hyderabad,16,,Sunny Sohal
501218,2011,21,20/04/2011,Mumbai,Wankhede Stadium,Mumbai Indians,Pune Warriors,Pune Warriors,bat,win,Mumbai Indians,,7,Munaf Musa Patel
501219,2011,22,20/04/2011,Kolkata,Eden Gardens,Kolkata Knight Riders,Kochi Tuskers Kerala,Kolkata Knight Riders,field,win,Kochi Tuskers Kerala,6,,Denagamage Proboth Mahela de Silva Jayawardene
501220,2011,23,21/04/2011,Chandigarh,"Punjab Cricket Association Stadium, Mohali",Punjab Kings,Rajasthan Royals,Rajasthan Royals,field,win,Punjab Kings,48,,Shaun Edward Marsh
501221,2011,25,22/04/2011,Mumbai,Wankhede Stadium,Mumbai Indians,Chennai Super Kings,Chennai Super Kings,field,win,Mumbai Indians,8,,Harbhajan Singh
501222,2011,24,22/04/2011,Kolkata,Eden Gardens,Kolkata Knight Riders,Royal Challengers Bangalore,Royal Challengers Bangalore,field,win,Royal Challengers Bangalore,,9,Christopher Henry Gayle
501223,2011,26,23/04/2011,Delhi,Feroz Shah Kotla,Delhi Capitals,Punjab Kings,Punjab Kings,field,win,Delhi Capitals,29,,David Andrew Warner
501224,2011,27,24/04/2011,Hyderabad,"Rajiv Gandhi International Stadium, Uppal",Sunrisers Hyderabad,Mumbai Indians,Sunrisers Hyderabad,field,win,Mumbai Indians,37,,Separamadu Lasith Malinga
501225,2011,28,24/04/2011,Jaipur,Sawai Mansingh Stadium,Rajasthan Royals,Kochi Tuskers Kerala,Rajasthan Royals,field,win,Rajasthan Royals,,8,Shane Keith Warne
501226,2011,29,25/04/2011,Chennai,"MA Chidambaram Stadium, Chepauk",Chennai Super Kings,Pune Warriors,Pune Warriors,field,win,Chennai Super Kings,25,,Michael Edward Killeen Hussey
501227,2011,30,26/04/2011,Delhi,Feroz Shah Kotla,Delhi Capitals,Royal Challengers Bangalore,Royal Challengers Bangalore,field,win,Royal Challengers Bangalore,,3,Virat Kohli
501228,2011,31,27/04/2011,Mumbai,Dr DY Patil Sports Academy,Pune Warriors,Chennai Super Kings,Pune Warriors,bat,win,Chennai Super Kings,,8,Douglas Erwin Bollinger
501229,2011,32,27/04/2011,Kochi,Nehru Stadium,Kochi Tuskers Kerala,Sunrisers Hyderabad,Kochi Tuskers Kerala,field,win,Sunrisers Hyderabad,55,,Ishant Sharma
501230,2011,33,28/04/2011,Delhi,Feroz Shah Kotla,Delhi Capitals,Kolkata Knight Riders,Delhi Capitals,field,win,Kolkata Knight Riders,17,,Manoj Kumar Tiwary
501231,2011,34,29/04/2011,Jaipur,Sawai Mansingh Stadium,Rajasthan Royals,Mumbai Indians,Rajasthan Royals,field,win,Rajasthan Royals,,7,Johan Botha
501232,2011,35,29/04/2011,Bangalore,M Chinnaswamy Stadium,Royal Challengers Bangalore,Pune Warriors,Pune Warriors,field,win,Royal Challengers Bangalore,26,,Virat Kohli
501233,2011,36,30/04/2011,Kochi,Nehru Stadium,Kochi Tuskers Kerala,Delhi Capitals,Delhi Capitals,bat,win,Delhi Capitals,38,,Virender Sehwag
501234,2011,37,30/04/2011,Kolkata,Eden Gardens,Kolkata Knight Riders,Punjab Kings,Kolkata Knight Riders,field,win,Kolkata Knight Riders,,8,Sayed Iqbal Abdulla
501235,2011,38,01/05/2011,Jaipur,Sawai Mansingh Stadium,Rajasthan Royals,Pune Warriors,Rajasthan Royals,field,win,Rajasthan Royals,,6,Luteru Ross Poutoa Lote Taylor
501236,2011,39,01/05/2011,Chennai,"MA Chidambaram Stadium, Chepauk",Chennai Super Kings,Sunrisers Hyderabad,Chennai Super Kings,bat,win,Chennai Super Kings,19,,Johannes Albertus Morkel
501237,2011,40,02/05/2011,Mumbai,Wankhede Stadium,Mumbai Indians,Punjab Kings,Punjab Kings,field,win,Mumbai Indians,23,,Kieron Adrian Pollard
501238,2011,41,02/05/2011,Delhi,Feroz Shah Kotla,Delhi Capitals,Kochi Tuskers Kerala,Kochi Tuskers Kerala,field,win,Kochi Tuskers Kerala,,7,Prasanth Parameswaran
501239,2011,42,03/05/2011,Hyderabad,"Rajiv Gandhi International Stadium, Uppal",Sunrisers Hyderabad,Kolkata Knight Riders,Sunrisers Hyderabad,field,win,Kolkata Knight Riders,20,,Yusuf Khan Pathan
501240,2011,43,04/05/2011,Chennai,"MA Chidambaram Stadium, Chepauk",Chennai Super Kings,Rajasthan Royals,Rajasthan Royals,bat,win,Chennai Super Kings,,8,Michael Edward Killeen Hussey
501241,2011,44,04/05/2011,Mumbai,Dr DY Patil Sports Academy,Pune Warriors,Mumbai Indians,Pune Warriors,field,win,Mumbai Indians,21,,Rahul Sharma
501242,2011,45,05/05/2011,Kochi,Nehru Stadium,Kochi Tuskers Kerala,Kolkata Knight Riders,Kolkata Knight Riders,field,win,Kochi Tuskers Kerala,17,,Bradley John Hodge
501243,2011,46,05/05/2011,Hyderabad,"Rajiv Gandhi International Stadium, Uppal",Sunrisers Hyderabad,Delhi Capitals,Delhi Capitals,field,win,Delhi Capitals,,4,Virender Sehwag
501244,2011,47,06/05/2011,Bangalore,M Chinnaswamy Stadium,Royal Challengers Bangalore,Punjab Kings,Punjab Kings,field,win,Royal Challengers Bangalore,85,,Christopher Henry Gayle
501245,2011,48,07/05/2011,Kolkata,Eden Gardens,Kolkata Knight Riders,Chennai Super Kings,Chennai Super Kings,bat,win,Kolkata Knight Riders,10,,Sayed Iqbal Abdulla
501246,2011,49,07/05/2011,Mumbai,Wankhede Stadium,Mumbai Indians,Delhi Capitals,Delhi Capitals,field,win,Mumbai Indians,32,,Ambati Thirupathi Rayudu
501247,2011,50,08/05/2011,Bangalore,M Chinnaswamy Stadium,Royal Challengers Bangalore,Kochi Tuskers Kerala,Kochi Tuskers Kerala,bat,win,Royal Challengers Bangalore,,9,Christopher Henry Gayle
501248,2011,51,08/05/2011,Chandigarh,"Punjab Cricket Association Stadium, Mohali",Punjab Kings,Pune Warriors,Punjab Kings,bat,win,Pune Warriors,,5,Rahul Sharma
501249,2011,52,09/05/2011,Jaipur,Sawai Mansingh Stadium,Rajasthan Royals,Chennai Super Kings,Rajasthan Royals,field,win,Chennai Super Kings,63,,Murali Vijay
501250,2011,53,10/05/2011,Hyderabad,"Rajiv Gandhi International Stadium, Uppal",Sunrisers Hyderabad,Pune Warriors,Sunrisers Hyderabad,bat,win,Pune Warriors,,6,Mitchell Ross Marsh
501251,2011,54,10/05/2011,Chandigarh,"Punjab Cricket Association Stadium, Mohali",Punjab Kings,Mumbai Indians,Mumbai Indians,field,win,Punjab Kings,76,,Bhargav Ashok Bhatt
501252,2011,55,11/05/2011,Jaipur,Sawai Mansingh Stadium,Rajasthan Royals,Royal Challengers Bangalore,Royal Challengers Bangalore,field,win,Royal Challengers Bangalore,,9,Sreenath Aravind
501253,2011,56,12/05/2011,Chennai,"MA Chidambaram Stadium, Chepauk",Chennai Super Kings,Delhi Capitals,Chennai Super Kings,bat,win,Chennai Super Kings,18,,Mahendra Singh Dhoni
501254,2011,57,13/05/2011,Indore,Holkar Cricket Stadium,Kochi Tuskers Kerala,Punjab Kings,Punjab Kings,field,win,Punjab Kings,,6,Krishnakumar Dinesh Karthik
501255,2011,58,14/05/2011,Bangalore,M Chinnaswamy Stadium,Royal Challengers Bangalore,Kolkata Knight Riders,Royal Challengers Bangalore,field,win,Royal Challengers Bangalore,,4,Christopher Henry Gayle
501256,2011,59,14/05/2011,Mumbai,Wankhede Stadium,Mumbai Indians,Sunrisers Hyderabad,Sunrisers Hyderabad,bat,win,Sunrisers Hyderabad,10,,Amit Mishra
501257,2011,60,15/05/2011,Dharamsala,Himachal Pradesh Cricket Association Stadium,Punjab Kings,Delhi Capitals,Delhi Capitals,field,win,Punjab Kings,29,,Piyush Pramod Chawla
501258,2011,61,15/05/2011,Indore,Holkar Cricket Stadium,Kochi Tuskers Kerala,Rajasthan Royals,Kochi Tuskers Kerala,field,win,Kochi Tuskers Kerala,,8,Bradley John Hodge
501259,2011,62,16/05/2011,Mumbai,Dr DY Patil Sports Academy,Pune Warriors,Sunrisers Hyderabad,Sunrisers Hyderabad,field,win,Sunrisers Hyderabad,,6,Amit Mishra
501260,2011,63,17/05/2011,Dharamsala,Himachal Pradesh Cricket Association Stadium,Punjab Kings,Royal Challengers Bangalore,Punjab Kings,bat,win,Punjab Kings,111,,Adam Craig Gilchrist
501261,2011,64,18/05/2011,Chennai,"MA Chidambaram Stadium, Chepauk",Chennai Super Kings,Kochi Tuskers Kerala,Chennai Super Kings,bat,win,Chennai Super Kings,11,,Wriddhiman Prasanta Saha
501262,2011,65,19/05/2011,Mumbai,Dr DY Patil Sports Academy,Pune Warriors,Kolkata Knight Riders,Kolkata Knight Riders,field,win,Kolkata Knight Riders,,7,Yusuf Khan Pathan
501263,2011,66,20/05/2011,Mumbai,Wankhede Stadium,Mumbai Indians,Rajasthan Royals,Mumbai Indians,bat,win,Rajasthan Royals,,10,Shane Robert Watson
501264,2011,67,21/05/2011,Dharamsala,Himachal Pradesh Cricket Association Stadium,Punjab Kings,Sunrisers Hyderabad,Punjab Kings,field,win,Sunrisers Hyderabad,82,,Shikhar Dhawan
501265,2011,68,21/05/2011,Delhi,Feroz Shah Kotla,Delhi Capitals,Pune Warriors,Delhi Capitals,bat,no result,Pune Warriors,,,#N/A
501266,2011,69,22/05/2011,Bangalore,M Chinnaswamy Stadium,Royal Challengers Bangalore,Chennai Super Kings,Royal Challengers Bangalore,field,win,Royal Challengers Bangalore,,8,Christopher Henry Gayle
501267,2011,70,22/05/2011,Kolkata,Eden Gardens,Kolkata Knight Riders,Mumbai Indians,Mumbai Indians,field,win,Mumbai Indians,,5,James Edward Charles Franklin
501268,2011,,24/05/2011,Mumbai,Wankhede Stadium,Royal Challengers Bangalore,Chennai Super Kings,Chennai Super Kings,field,win,Chennai Super Kings,,6,Suresh Kumar Raina
501269,2011,,25/05/2011,Mumbai,Wankhede Stadium,Mumbai Indians,Kolkata Knight Riders,Mumbai Indians,field,win,Mumbai Indians,,4,Munaf Musa Patel
501270,2011,,27/05/2011,Chennai,"MA Chidambaram Stadium, Chepauk",Royal Challengers Bangalore,Mumbai Indians,Mumbai Indians,field,win,Royal Challengers Bangalore,43,,Christopher Henry Gayle
501271,2011,,28/05/2011,Chennai,"MA Chidambaram Stadium, Chepauk",Chennai Super Kings,Royal Challengers Bangalore,Chennai Super Kings,bat,win,Chennai Super Kings,58,,Murali Vijay
548306,2012,1,04/04/2012,Chennai,"MA Chidambaram Stadium, Chepauk",Chennai Super Kings,Mumbai Indians,Mumbai Indians,field,win,Mumbai Indians,,8,Richard Ernst Levi
548307,2012,2,05/04/2012,Kolkata,Eden Gardens,Kolkata Knight Riders,Delhi Capitals,Delhi Capitals,field,win,Delhi Capitals,,8,Irfan Khan Pathan
548308,2012,3,06/04/2012,Mumbai,Wankhede Stadium,Mumbai Indians,Pune Warriors,Mumbai Indians,field,win,Pune Warriors,28,,Steven Peter Devereux Smith
548309,2012,4,06/04/2012,Jaipur,Sawai Mansingh Stadium,Rajasthan Royals,Punjab Kings,Punjab Kings,field,win,Rajasthan Royals,31,,Ajinkya Madhukar Rahane
548310,2012,5,07/04/2012,Bangalore,M Chinnaswamy Stadium,Royal Challengers Bangalore,Delhi Capitals,Delhi Capitals,field,win,Royal Challengers Bangalore,20,,Abraham Benjamin de Villiers
548311,2012,6,07/04/2012,Visakhapatnam,Dr. Y.S. Rajasekhara Reddy ACA-VDCA Cricket Stadium,Sunrisers Hyderabad,Chennai Super Kings,Sunrisers Hyderabad,field,win,Chennai Super Kings,74,,Ravindrasinh Anirudhsinh Jadeja
548312,2012,7,08/04/2012,Jaipur,Sawai Mansingh Stadium,Rajasthan Royals,Kolkata Knight Riders,Kolkata Knight Riders,field,win,Rajasthan Royals,22,,Bradley John Hodge
548313,2012,8,08/04/2012,Pune,Subrata Roy Sahara Stadium,Pune Warriors,Punjab Kings,Pune Warriors,bat,win,Pune Warriors,22,,Marlon Nathaniel Samuels
548314,2012,9,09/04/2012,Visakhapatnam,Dr. Y.S. Rajasekhara Reddy ACA-VDCA Cricket Stadium,Sunrisers Hyderabad,Mumbai Indians,Sunrisers Hyderabad,bat,win,Mumbai Indians,,5,Rohit Gurunath Sharma
548315,2012,10,10/04/2012,Bangalore,M Chinnaswamy Stadium,Royal Challengers Bangalore,Kolkata Knight Riders,Royal Challengers Bangalore,field,win,Kolkata Knight Riders,42,,Lakshmipathy Balaji
548316,2012,11,10/04/2012,Delhi,Feroz Shah Kotla,Delhi Capitals,Chennai Super Kings,Delhi Capitals,field,win,Delhi Capitals,,8,Morne Morkel
548317,2012,12,11/04/2012,Mumbai,Wankhede Stadium,Mumbai Indians,Rajasthan Royals,Rajasthan Royals,field,win,Mumbai Indians,27,,Kieron Adrian Pollard
548318,2012,13,12/04/2012,Chennai,"MA Chidambaram Stadium, Chepauk",Chennai Super Kings,Royal Challengers Bangalore,Royal Challengers Bangalore,bat,win,Chennai Super Kings,,5,Francois du Plessis
548319,2012,14,12/04/2012,Chandigarh,"Punjab Cricket Association Stadium, Mohali",Punjab Kings,Pune Warriors,Punjab Kings,field,win,Punjab Kings,,7,Adrian Dimitri Mascarenhas
548320,2012,15,13/04/2012,Kolkata,Eden Gardens,Kolkata Knight Riders,Rajasthan Royals,Rajasthan Royals,bat,win,Kolkata Knight Riders,,5,Shakib Al Hasan
548321,2012,23,19/04/2012,Delhi,Feroz Shah Kotla,Delhi Capitals,Sunrisers Hyderabad,Sunrisers Hyderabad,bat,win,Delhi Capitals,,5,Kevin Peter Pietersen
548322,2012,16,14/04/2012,Pune,Subrata Roy Sahara Stadium,Pune Warriors,Chennai Super Kings,Chennai Super Kings,bat,win,Pune Warriors,,7,Jesse Daniel Ryder
548323,2012,17,15/04/2012,Kolkata,Eden Gardens,Kolkata Knight Riders,Punjab Kings,Kolkata Knight Riders,field,win,Punjab Kings,2,,Sunil Philip Narine
548324,2012,18,15/04/2012,Bangalore,M Chinnaswamy Stadium,Royal Challengers Bangalore,Rajasthan Royals,Rajasthan Royals,bat,win,Rajasthan Royals,59,,Ajinkya Madhukar Rahane
548325,2012,19,16/04/2012,Mumbai,Wankhede Stadium,Mumbai Indians,Delhi Capitals,Delhi Capitals,field,win,Delhi Capitals,,7,Shahbaz Nadeem
548326,2012,20,17/04/2012,Jaipur,Sawai Mansingh Stadium,Rajasthan Royals,Sunrisers Hyderabad,Sunrisers Hyderabad,bat,win,Rajasthan Royals,,5,Bradley John Hodge
548327,2012,21,17/04/2012,Bangalore,M Chinnaswamy Stadium,Royal Challengers Bangalore,Pune Warriors,Pune Warriors,bat,win,Royal Challengers Bangalore,,6,Christopher Henry Gayle
548328,2012,22,18/04/2012,Chandigarh,"Punjab Cricket Association Stadium, Mohali",Punjab Kings,Kolkata Knight Riders,Punjab Kings,bat,win,Kolkata Knight Riders,,8,Gautam Gambhir
548329,2012,55,10/05/2012,Hyderabad,"Rajiv Gandhi International Stadium, Uppal",Sunrisers Hyderabad,Delhi Capitals,Sunrisers Hyderabad,bat,win,Delhi Capitals,,9,David Andrew Warner
548330,2012,24,19/04/2012,Chennai,"MA Chidambaram Stadium, Chepauk",Chennai Super Kings,Pune Warriors,Pune Warriors,field,win,Chennai Super Kings,13,,Kulasekara Mudiyanselage Dinesh Nuwan Kulasekara
548331,2012,25,20/04/2012,Chandigarh,"Punjab Cricket Association Stadium, Mohali",Punjab Kings,Royal Challengers Bangalore,Royal Challengers Bangalore,field,win,Royal Challengers Bangalore,,5,Christopher Henry Gayle
548332,2012,26,21/04/2012,Chennai,"MA Chidambaram Stadium, Chepauk",Chennai Super Kings,Rajasthan Royals,Rajasthan Royals,bat,win,Chennai Super Kings,,7,Francois du Plessis
548333,2012,27,21/04/2012,Delhi,Feroz Shah Kotla,Delhi Capitals,Pune Warriors,Delhi Capitals,field,win,Pune Warriors,20,,Sourav Chandidas Ganguly
548334,2012,28,22/04/2012,Mumbai,Wankhede Stadium,Mumbai Indians,Punjab Kings,Mumbai Indians,bat,win,Punjab Kings,,6,Shaun Edward Marsh
548335,2012,29,22/04/2012,Cuttack,Barabati Stadium,Sunrisers Hyderabad,Kolkata Knight Riders,Kolkata Knight Riders,field,win,Kolkata Knight Riders,,5,Brett Lee
548336,2012,30,23/04/2012,Jaipur,Sawai Mansingh Stadium,Rajasthan Royals,Royal Challengers Bangalore,Rajasthan Royals,field,win,Royal Challengers Bangalore,46,,Abraham Benjamin de Villiers
548337,2012,31,24/04/2012,Pune,Subrata Roy Sahara Stadium,Pune Warriors,Delhi Capitals,Pune Warriors,bat,win,Delhi Capitals,,8,Virender Sehwag
548339,2012,33,25/04/2012,Chandigarh,"Punjab Cricket Association Stadium, Mohali",Punjab Kings,Mumbai Indians,Punjab Kings,bat,win,Mumbai Indians,,4,Ambati Thirupathi Rayudu
548341,2012,35,26/04/2012,Pune,Subrata Roy Sahara Stadium,Pune Warriors,Sunrisers Hyderabad,Sunrisers Hyderabad,bat,win,Sunrisers Hyderabad,18,,Cameron Leon White
548342,2012,36,27/04/2012,Delhi,Feroz Shah Kotla,Delhi Capitals,Mumbai Indians,Mumbai Indians,field,win,Delhi Capitals,37,,Virender Sehwag
548343,2012,37,28/04/2012,Chennai,"MA Chidambaram Stadium, Chepauk",Chennai Super Kings,Punjab Kings,Punjab Kings,bat,win,Punjab Kings,7,,Mandeep Singh
548344,2012,38,28/04/2012,Kolkata,Eden Gardens,Kolkata Knight Riders,Royal Challengers Bangalore,Kolkata Knight Riders,bat,win,Kolkata Knight Riders,47,,Gautam Gambhir
548345,2012,39,29/04/2012,Delhi,Feroz Shah Kotla,Delhi Capitals,Rajasthan Royals,Delhi Capitals,bat,win,Delhi Capitals,1,,Virender Sehwag
548346,2012,40,29/04/2012,Mumbai,Wankhede Stadium,Mumbai Indians,Sunrisers Hyderabad,Mumbai Indians,field,win,Mumbai Indians,,5,Dale Willem Steyn
548347,2012,41,30/04/2012,Chennai,"MA Chidambaram Stadium, Chepauk",Chennai Super Kings,Kolkata Knight Riders,Chennai Super Kings,bat,win,Kolkata Knight Riders,,5,Gautam Gambhir
548348,2012,42,01/05/2012,Cuttack,Barabati Stadium,Sunrisers Hyderabad,Pune Warriors,Sunrisers Hyderabad,bat,win,Sunrisers Hyderabad,13,,Kumar Chokshanada Sangakkara
548349,2012,43,01/05/2012,Jaipur,Sawai Mansingh Stadium,Rajasthan Royals,Delhi Capitals,Rajasthan Royals,bat,win,Delhi Capitals,,6,Pawan Negi
548350,2012,44,02/05/2012,Bangalore,M Chinnaswamy Stadium,Royal Challengers Bangalore,Punjab Kings,Punjab Kings,field,win,Punjab Kings,,4,Azhar Mahmood Sagar
548351,2012,45,03/05/2012,Pune,Subrata Roy Sahara Stadium,Pune Warriors,Mumbai Indians,Mumbai Indians,bat,win,Mumbai Indians,1,,Separamadu Lasith Malinga
548352,2012,46,04/05/2012,Chennai,"MA Chidambaram Stadium, Chepauk",Chennai Super Kings,Sunrisers Hyderabad,Chennai Super Kings,bat,win,Chennai Super Kings,10,,Suresh Kumar Raina
548353,2012,47,05/05/2012,Kolkata,Eden Gardens,Kolkata Knight Riders,Pune Warriors,Kolkata Knight Riders,bat,win,Kolkata Knight Riders,7,,Sunil Philip Narine
548354,2012,48,05/05/2012,Chandigarh,"Punjab Cricket Association Stadium, Mohali",Punjab Kings,Rajasthan Royals,Rajasthan Royals,bat,win,Rajasthan Royals,43,,Shane Robert Watson
548355,2012,49,06/05/2012,Mumbai,Wankhede Stadium,Mumbai Indians,Chennai Super Kings,Mumbai Indians,field,win,Mumbai Indians,,2,Dwayne Romel Smith
548356,2012,50,06/05/2012,Bangalore,M Chinnaswamy Stadium,Royal Challengers Bangalore,Sunrisers Hyderabad,Royal Challengers Bangalore,field,win,Royal Challengers Bangalore,,5,Abraham Benjamin de Villiers
548357,2012,51,07/05/2012,Delhi,Feroz Shah Kotla,Delhi Capitals,Kolkata Knight Riders,Delhi Capitals,bat,win,Kolkata Knight Riders,,6,Jacques Henry Kallis
548358,2012,52,08/05/2012,Pune,Subrata Roy Sahara Stadium,Pune Warriors,Rajasthan Royals,Pune Warriors,bat,win,Rajasthan Royals,,7,Shane Robert Watson
548359,2012,53,08/05/2012,Hyderabad,"Rajiv Gandhi International Stadium, Uppal",Sunrisers Hyderabad,Punjab Kings,Sunrisers Hyderabad,field,win,Punjab Kings,25,,Mandeep Singh
548360,2012,54,09/05/2012,Mumbai,Wankhede Stadium,Mumbai Indians,Royal Challengers Bangalore,Royal Challengers Bangalore,field,win,Royal Challengers Bangalore,,9,Christopher Henry Gayle
548361,2012,56,10/05/2012,Jaipur,Sawai Mansingh Stadium,Rajasthan Royals,Chennai Super Kings,Chennai Super Kings,field,win,Chennai Super Kings,,4,Benjamin William Hilfenhaus
548362,2012,57,11/05/2012,Pune,Subrata Roy Sahara Stadium,Pune Warriors,Royal Challengers Bangalore,Pune Warriors,field,win,Royal Challengers Bangalore,35,,Christopher Henry Gayle
548363,2012,58,12/05/2012,Kolkata,Eden Gardens,Kolkata Knight Riders,Mumbai Indians,Mumbai Indians,bat,win,Mumbai Indians,27,,Rohit Gurunath Sharma
548364,2012,59,12/05/2012,Chennai,"MA Chidambaram Stadium, Chepauk",Chennai Super Kings,Delhi Capitals,Chennai Super Kings,field,win,Chennai Super Kings,,9,Benjamin William Hilfenhaus
548365,2012,60,13/05/2012,Jaipur,Sawai Mansingh Stadium,Rajasthan Royals,Pune Warriors,Rajasthan Royals,bat,win,Rajasthan Royals,45,,Ajit  Chandila
548366,2012,61,13/05/2012,Chandigarh,"Punjab Cricket Association Stadium, Mohali",Punjab Kings,Sunrisers Hyderabad,Sunrisers Hyderabad,bat,win,Punjab Kings,,4,David John Hussey
548367,2012,62,14/05/2012,Bangalore,M Chinnaswamy Stadium,Royal Challengers Bangalore,Mumbai Indians,Mumbai Indians,field,win,Mumbai Indians,,5,Ambati Thirupathi Rayudu
548368,2012,63,14/05/2012,Kolkata,Eden Gardens,Kolkata Knight Riders,Chennai Super Kings,Chennai Super Kings,field,win,Chennai Super Kings,,5,Michael Edward Killeen Hussey
548369,2012,64,15/05/2012,Delhi,Feroz Shah Kotla,Delhi Capitals,Punjab Kings,Punjab Kings,bat,win,Delhi Capitals,,5,Umeshkumar Tilak Yadav
548370,2012,65,16/05/2012,Mumbai,Wankhede Stadium,Mumbai Indians,Kolkata Knight Riders,Mumbai Indians,field,win,Kolkata Knight Riders,32,,Sunil Philip Narine
548371,2012,66,17/05/2012,Dharamsala,Himachal Pradesh Cricket Association Stadium,Punjab Kings,Chennai Super Kings,Punjab Kings,field,win,Punjab Kings,,6,Adam Craig Gilchrist
548372,2012,67,17/05/2012,Delhi,Feroz Shah Kotla,Delhi Capitals,Royal Challengers Bangalore,Delhi Capitals,field,win,Royal Challengers Bangalore,21,,Christopher Henry Gayle
548373,2012,68,18/05/2012,Hyderabad,"Rajiv Gandhi International Stadium, Uppal",Sunrisers Hyderabad,Rajasthan Royals,Rajasthan Royals,bat,win,Sunrisers Hyderabad,,5,Dale Willem Steyn
548374,2012,69,19/05/2012,Dharamsala,Himachal Pradesh Cricket Association Stadium,Punjab Kings,Delhi Capitals,Delhi Capitals,field,win,Delhi Capitals,,6,Umeshkumar Tilak Yadav
548375,2012,70,19/05/2012,Pune,Subrata Roy Sahara Stadium,Pune Warriors,Kolkata Knight Riders,Kolkata Knight Riders,bat,win,Kolkata Knight Riders,34,,Shakib Al Hasan
548376,2012,71,20/05/2012,Hyderabad,"Rajiv Gandhi International Stadium, Uppal",Sunrisers Hyderabad,Royal Challengers Bangalore,Royal Challengers Bangalore,field,win,Sunrisers Hyderabad,9,,Dale Willem Steyn
548377,2012,72,20/05/2012,Jaipur,Sawai Mansingh Stadium,Rajasthan Royals,Mumbai Indians,Rajasthan Royals,bat,win,Mumbai Indians,,10,Dwayne Romel Smith
548378,2012,,22/05/2012,Pune,Subrata Roy Sahara Stadium,Delhi Capitals,Kolkata Knight Riders,Kolkata Knight Riders,bat,win,Kolkata Knight Riders,18,,Yusuf Khan Pathan
548379,2012,,23/05/2012,Bangalore,M Chinnaswamy Stadium,Chennai Super Kings,Mumbai Indians,Mumbai Indians,field,win,Chennai Super Kings,38,,Mahendra Singh Dhoni
548380,2012,,25/05/2012,Chennai,"MA Chidambaram Stadium, Chepauk",Delhi Capitals,Chennai Super Kings,Delhi Capitals,field,win,Chennai Super Kings,86,,Murali Vijay
548381,2012,,27/05/2012,Chennai,"MA Chidambaram Stadium, Chepauk",Kolkata Knight Riders,Chennai Super Kings,Chennai Super Kings,bat,win,Kolkata Knight Riders,,5,Manvinder Sultansingh Bisla
597998,2013,1,03/04/2013,Kolkata,Eden Gardens,Kolkata Knight Riders,Delhi Capitals,Kolkata Knight Riders,field,win,Kolkata Knight Riders,,6,Sunil Philip Narine
597999,2013,2,04/04/2013,Bangalore,M Chinnaswamy Stadium,Royal Challengers Bangalore,Mumbai Indians,Mumbai Indians,field,win,Royal Challengers Bangalore,2,,Christopher Henry Gayle
598000,2013,3,05/04/2013,Hyderabad,"Rajiv Gandhi International Stadium, Uppal",Sunrisers Hyderabad,Pune Warriors,Pune Warriors,field,win,Sunrisers Hyderabad,22,,Amit Mishra
598001,2013,4,06/04/2013,Delhi,Feroz Shah Kotla,Delhi Capitals,Rajasthan Royals,Rajasthan Royals,bat,win,Rajasthan Royals,5,,Rahul Sharad Dravid
598002,2013,5,06/04/2013,Chennai,"MA Chidambaram Stadium, Chepauk",Chennai Super Kings,Mumbai Indians,Mumbai Indians,bat,win,Mumbai Indians,9,,Kieron Adrian Pollard
598003,2013,6,07/04/2013,Pune,Subrata Roy Sahara Stadium,Pune Warriors,Punjab Kings,Pune Warriors,bat,win,Punjab Kings,,8,Manan Vohra
598004,2013,7,07/04/2013,Hyderabad,"Rajiv Gandhi International Stadium, Uppal",Sunrisers Hyderabad,Royal Challengers Bangalore,Royal Challengers Bangalore,bat,tie,Royal Challengers Bangalore,,,Gade Hanuma Vihari
598005,2013,8,08/04/2013,Jaipur,Sawai Mansingh Stadium,Rajasthan Royals,Kolkata Knight Riders,Kolkata Knight Riders,field,win,Rajasthan Royals,19,,Siddharth Kishorkumar Trivedi
598006,2013,10,09/04/2013,Mumbai,Wankhede Stadium,Mumbai Indians,Delhi Capitals,Mumbai Indians,bat,win,Mumbai Indians,44,,Krishnakumar Dinesh Karthik
598007,2013,11,10/04/2013,Chandigarh,"Punjab Cricket Association Stadium, Mohali",Punjab Kings,Chennai Super Kings,Chennai Super Kings,field,win,Chennai Super Kings,,10,Michael Edward Killeen Hussey
598008,2013,12,11/04/2013,Bangalore,M Chinnaswamy Stadium,Royal Challengers Bangalore,Kolkata Knight Riders,Royal Challengers Bangalore,field,win,Royal Challengers Bangalore,,8,Christopher Henry Gayle
598009,2013,13,11/04/2013,Pune,Subrata Roy Sahara Stadium,Pune Warriors,Rajasthan Royals,Rajasthan Royals,bat,win,Pune Warriors,,7,Aaron James Finch
598010,2013,14,12/04/2013,Delhi,Feroz Shah Kotla,Delhi Capitals,Sunrisers Hyderabad,Delhi Capitals,bat,win,Sunrisers Hyderabad,,3,Amit Mishra
598011,2013,15,13/04/2013,Mumbai,Wankhede Stadium,Mumbai Indians,Pune Warriors,Mumbai Indians,bat,win,Mumbai Indians,41,,Rohit Gurunath Sharma
598012,2013,16,13/04/2013,Chennai,"MA Chidambaram Stadium, Chepauk",Chennai Super Kings,Royal Challengers Bangalore,Chennai Super Kings,field,win,Chennai Super Kings,,4,Ravindrasinh Anirudhsinh Jadeja
598013,2013,17,14/04/2013,Kolkata,Eden Gardens,Kolkata Knight Riders,Sunrisers Hyderabad,Kolkata Knight Riders,bat,win,Kolkata Knight Riders,48,,Gautam Gambhir
598014,2013,18,14/04/2013,Jaipur,Sawai Mansingh Stadium,Rajasthan Royals,Punjab Kings,Rajasthan Royals,field,win,Rajasthan Royals,,6,James Peter Faulkner
598015,2013,19,15/04/2013,Chennai,"MA Chidambaram Stadium, Chepauk",Chennai Super Kings,Pune Warriors,Pune Warriors,bat,win,Pune Warriors,24,,Steven Peter Devereux Smith
598016,2013,20,16/04/2013,Chandigarh,"Punjab Cricket Association Stadium, Mohali",Punjab Kings,Kolkata Knight Riders,Kolkata Knight Riders,field,win,Punjab Kings,4,,Manpreet Singh Gony
598017,2013,21,16/04/2013,Bangalore,M Chinnaswamy Stadium,Royal Challengers Bangalore,Delhi Capitals,Royal Challengers Bangalore,field,tie,Delhi Capitals,,,Virat Kohli
598018,2013,22,17/04/2013,Pune,Maharashtra Cricket Association Stadium,Pune Warriors,Sunrisers Hyderabad,Pune Warriors,field,win,Sunrisers Hyderabad,11,,Amit Mishra
598019,2013,23,17/04/2013,Jaipur,Sawai Mansingh Stadium,Rajasthan Royals,Mumbai Indians,Rajasthan Royals,bat,win,Rajasthan Royals,87,,Ajinkya Madhukar Rahane
598020,2013,24,18/04/2013,Delhi,Feroz Shah Kotla,Delhi Capitals,Chennai Super Kings,Chennai Super Kings,bat,win,Chennai Super Kings,86,,Michael Edward Killeen Hussey
598021,2013,25,19/04/2013,Hyderabad,"Rajiv Gandhi International Stadium, Uppal",Sunrisers Hyderabad,Punjab Kings,Punjab Kings,bat,win,Sunrisers Hyderabad,,5,Gade Hanuma Vihari
598022,2013,26,20/04/2013,Kolkata,Eden Gardens,Kolkata Knight Riders,Chennai Super Kings,Kolkata Knight Riders,bat,win,Chennai Super Kings,,4,Ravindrasinh Anirudhsinh Jadeja
598023,2013,27,20/04/2013,Bangalore,M Chinnaswamy Stadium,Royal Challengers Bangalore,Rajasthan Royals,Royal Challengers Bangalore,field,win,Royal Challengers Bangalore,,7,Ranganath Vinay Kumar
598024,2013,28,21/04/2013,Delhi,Feroz Shah Kotla,Delhi Capitals,Mumbai Indians,Mumbai Indians,bat,win,Delhi Capitals,,9,Virender Sehwag
598025,2013,29,21/04/2013,Chandigarh,"Punjab Cricket Association Stadium, Mohali",Punjab Kings,Pune Warriors,Punjab Kings,field,win,Punjab Kings,,7,David Andrew Miller
598026,2013,30,22/04/2013,Chennai,"MA Chidambaram Stadium, Chepauk",Chennai Super Kings,Rajasthan Royals,Rajasthan Royals,bat,win,Chennai Super Kings,,5,Michael Edward Killeen Hussey
598027,2013,31,23/04/2013,Bangalore,M Chinnaswamy Stadium,Royal Challengers Bangalore,Pune Warriors,Pune Warriors,field,win,Royal Challengers Bangalore,130,,Christopher Henry Gayle
598028,2013,67,16/05/2013,Dharamsala,Himachal Pradesh Cricket Association Stadium,Punjab Kings,Delhi Capitals,Delhi Capitals,field,win,Punjab Kings,7,,David Andrew Miller
598029,2013,33,24/04/2013,Kolkata,Eden Gardens,Kolkata Knight Riders,Mumbai Indians,Kolkata Knight Riders,bat,win,Mumbai Indians,,5,Dwayne Romel Smith
598030,2013,34,25/04/2013,Chennai,"MA Chidambaram Stadium, Chepauk",Chennai Super Kings,Sunrisers Hyderabad,Sunrisers Hyderabad,bat,win,Chennai Super Kings,,5,Mahendra Singh Dhoni
598031,2013,35,26/04/2013,Kolkata,Eden Gardens,Kolkata Knight Riders,Punjab Kings,Punjab Kings,bat,win,Kolkata Knight Riders,,6,Jacques Henry Kallis
598032,2013,36,27/04/2013,Jaipur,Sawai Mansingh Stadium,Rajasthan Royals,Sunrisers Hyderabad,Sunrisers Hyderabad,bat,win,Rajasthan Royals,,8,James Peter Faulkner
598033,2013,37,27/04/2013,Mumbai,Wankhede Stadium,Mumbai Indians,Royal Challengers Bangalore,Mumbai Indians,bat,win,Mumbai Indians,58,,Dwayne Romel Smith
598034,2013,38,28/04/2013,Chennai,"MA Chidambaram Stadium, Chepauk",Chennai Super Kings,Kolkata Knight Riders,Kolkata Knight Riders,field,win,Chennai Super Kings,14,,Michael Edward Killeen Hussey
598035,2013,39,28/04/2013,Raipur,Shaheed Veer Narayan Singh International Stadium,Delhi Capitals,Pune Warriors,Pune Warriors,field,win,Delhi Capitals,15,,David Andrew Warner
598036,2013,40,29/04/2013,Jaipur,Sawai Mansingh Stadium,Rajasthan Royals,Royal Challengers Bangalore,Rajasthan Royals,field,win,Rajasthan Royals,,4,Sanju Viswanath Samson
598037,2013,41,29/04/2013,Mumbai,Wankhede Stadium,Mumbai Indians,Punjab Kings,Mumbai Indians,bat,win,Mumbai Indians,4,,Rohit Gurunath Sharma
598038,2013,42,30/04/2013,Pune,Subrata Roy Sahara Stadium,Pune Warriors,Chennai Super Kings,Chennai Super Kings,bat,win,Chennai Super Kings,37,,Mahendra Singh Dhoni
598039,2013,43,01/05/2013,Hyderabad,"Rajiv Gandhi International Stadium, Uppal",Sunrisers Hyderabad,Mumbai Indians,Mumbai Indians,bat,win,Sunrisers Hyderabad,,7,Ishant Sharma
598040,2013,44,01/05/2013,Raipur,Shaheed Veer Narayan Singh International Stadium,Delhi Capitals,Kolkata Knight Riders,Kolkata Knight Riders,bat,win,Delhi Capitals,,7,David Andrew Warner
598041,2013,45,02/05/2013,Chennai,"MA Chidambaram Stadium, Chepauk",Chennai Super Kings,Punjab Kings,Chennai Super Kings,bat,win,Chennai Super Kings,15,,Suresh Kumar Raina
598042,2013,46,02/05/2013,Pune,Subrata Roy Sahara Stadium,Pune Warriors,Royal Challengers Bangalore,Royal Challengers Bangalore,bat,win,Royal Challengers Bangalore,17,,Abraham Benjamin de Villiers
598043,2013,47,03/05/2013,Kolkata,Eden Gardens,Kolkata Knight Riders,Rajasthan Royals,Rajasthan Royals,bat,win,Kolkata Knight Riders,,8,Yusuf Khan Pathan
598044,2013,48,04/05/2013,Hyderabad,"Rajiv Gandhi International Stadium, Uppal",Sunrisers Hyderabad,Delhi Capitals,Delhi Capitals,bat,win,Sunrisers Hyderabad,,6,Daren Julius Garvey Sammy
598045,2013,63,14/05/2013,Bangalore,M Chinnaswamy Stadium,Royal Challengers Bangalore,Punjab Kings,Punjab Kings,field,win,Punjab Kings,,7,Adam Craig Gilchrist
598046,2013,49,05/05/2013,Mumbai,Wankhede Stadium,Mumbai Indians,Chennai Super Kings,Mumbai Indians,bat,win,Mumbai Indians,60,,Mitchell Guy Johnson
598047,2013,50,05/05/2013,Jaipur,Sawai Mansingh Stadium,Rajasthan Royals,Pune Warriors,Pune Warriors,bat,win,Rajasthan Royals,,5,Ajinkya Madhukar Rahane
598048,2013,9,09/04/2013,Bangalore,M Chinnaswamy Stadium,Royal Challengers Bangalore,Sunrisers Hyderabad,Sunrisers Hyderabad,bat,win,Royal Challengers Bangalore,,7,Virat Kohli
598049,2013,52,07/05/2013,Jaipur,Sawai Mansingh Stadium,Rajasthan Royals,Delhi Capitals,Delhi Capitals,bat,win,Rajasthan Royals,,9,Ajinkya Madhukar Rahane
598050,2013,53,07/05/2013,Mumbai,Wankhede Stadium,Mumbai Indians,Kolkata Knight Riders,Mumbai Indians,bat,win,Mumbai Indians,65,,Sachin Ramesh Tendulkar
598051,2013,54,08/05/2013,Hyderabad,"Rajiv Gandhi International Stadium, Uppal",Sunrisers Hyderabad,Chennai Super Kings,Sunrisers Hyderabad,field,win,Chennai Super Kings,77,,Suresh Kumar Raina
598052,2013,55,09/05/2013,Chandigarh,"Punjab Cricket Association Stadium, Mohali",Punjab Kings,Rajasthan Royals,Rajasthan Royals,field,win,Rajasthan Royals,,8,Kevon Keston Cooper
598053,2013,56,09/05/2013,Pune,Subrata Roy Sahara Stadium,Pune Warriors,Kolkata Knight Riders,Kolkata Knight Riders,bat,win,Kolkata Knight Riders,46,,Gautam Gambhir
598054,2013,57,10/05/2013,Delhi,Feroz Shah Kotla,Delhi Capitals,Royal Challengers Bangalore,Delhi Capitals,field,win,Royal Challengers Bangalore,4,,Jaydev Dipakbhai Unadkat
598055,2013,58,11/05/2013,Pune,Subrata Roy Sahara Stadium,Pune Warriors,Mumbai Indians,Pune Warriors,bat,win,Mumbai Indians,,5,Mitchell Guy Johnson
598056,2013,59,11/05/2013,Chandigarh,"Punjab Cricket Association Stadium, Mohali",Punjab Kings,Sunrisers Hyderabad,Punjab Kings,field,win,Sunrisers Hyderabad,30,,Parthiv Ajay Patel
598057,2013,60,12/05/2013,Ranchi,JSCA International Stadium Complex,Kolkata Knight Riders,Royal Challengers Bangalore,Kolkata Knight Riders,field,win,Kolkata Knight Riders,,5,Jacques Henry Kallis
598058,2013,61,12/05/2013,Jaipur,Sawai Mansingh Stadium,Rajasthan Royals,Chennai Super Kings,Rajasthan Royals,field,win,Rajasthan Royals,,5,Shane Robert Watson
598059,2013,32,23/04/2013,Delhi,Feroz Shah Kotla,Delhi Capitals,Punjab Kings,Punjab Kings,field,win,Punjab Kings,,5,Harmeet Singh Bansal
598060,2013,62,13/05/2013,Mumbai,Wankhede Stadium,Mumbai Indians,Sunrisers Hyderabad,Sunrisers Hyderabad,bat,win,Mumbai Indians,,7,Kieron Adrian Pollard
598061,2013,65,15/05/2013,Ranchi,JSCA International Stadium Complex,Kolkata Knight Riders,Pune Warriors,Kolkata Knight Riders,field,win,Pune Warriors,7,,Manish Krishnanand Pandey
598062,2013,64,14/05/2013,Chennai,"MA Chidambaram Stadium, Chepauk",Chennai Super Kings,Delhi Capitals,Chennai Super Kings,bat,win,Chennai Super Kings,33,,Mahendra Singh Dhoni
598063,2013,66,15/05/2013,Mumbai,Wankhede Stadium,Mumbai Indians,Rajasthan Royals,Rajasthan Royals,field,win,Mumbai Indians,14,,Aditya Prakash Tare
598064,2013,51,06/05/2013,Chandigarh,"Punjab Cricket Association Stadium, Mohali",Punjab Kings,Royal Challengers Bangalore,Punjab Kings,field,win,Punjab Kings,,6,David Andrew Miller
598065,2013,68,17/05/2013,Hyderabad,"Rajiv Gandhi International Stadium, Uppal",Sunrisers Hyderabad,Rajasthan Royals,Sunrisers Hyderabad,bat,win,Sunrisers Hyderabad,23,,Amit Mishra
598066,2013,69,18/05/2013,Dharamsala,Himachal Pradesh Cricket Association Stadium,Punjab Kings,Mumbai Indians,Mumbai Indians,field,win,Punjab Kings,50,,Azhar Mahmood Sagar
598067,2013,71,19/05/2013,Pune,Subrata Roy Sahara Stadium,Pune Warriors,Delhi Capitals,Pune Warriors,bat,win,Pune Warriors,38,,Luke James Wright
598068,2013,70,18/05/2013,Bangalore,M Chinnaswamy Stadium,Royal Challengers Bangalore,Chennai Super Kings,Chennai Super Kings,field,win,Royal Challengers Bangalore,24,,Virat Kohli
598069,2013,72,19/05/2013,Hyderabad,"Rajiv Gandhi International Stadium, Uppal",Sunrisers Hyderabad,Kolkata Knight Riders,Kolkata Knight Riders,bat,win,Sunrisers Hyderabad,,5,Parthiv Ajay Patel
598070,2013,,21/05/2013,Delhi,Feroz Shah Kotla,Chennai Super Kings,Mumbai Indians,Chennai Super Kings,bat,win,Chennai Super Kings,48,,Michael Edward Killeen Hussey
598071,2013,,22/05/2013,Delhi,Feroz Shah Kotla,Rajasthan Royals,Sunrisers Hyderabad,Sunrisers Hyderabad,bat,win,Rajasthan Royals,,4,Bradley John Hodge
598072,2013,,24/05/2013,Kolkata,Eden Gardens,Mumbai Indians,Rajasthan Royals,Rajasthan Royals,bat,win,Mumbai Indians,,4,Harbhajan Singh
598073,2013,,26/05/2013,Kolkata,Eden Gardens,Chennai Super Kings,Mumbai Indians,Mumbai Indians,bat,win,Mumbai Indians,23,,Kieron Adrian Pollard
729279,2014,1,16/04/2014,Abu Dhabi,Sheikh Zayed Stadium,Mumbai Indians,Kolkata Knight Riders,Kolkata Knight Riders,bat,win,Kolkata Knight Riders,41,,Jacques Henry Kallis
729281,2014,2,17/04/2014,,Sharjah Cricket Stadium,Delhi Capitals,Royal Challengers Bangalore,Royal Challengers Bangalore,field,win,Royal Challengers Bangalore,,8,Yuzvendra Singh Chahal
729283,2014,3,18/04/2014,Abu Dhabi,Sheikh Zayed Stadium,Chennai Super Kings,Punjab Kings,Chennai Super Kings,bat,win,Punjab Kings,,6,Glenn James Maxwell
729285,2014,4,18/04/2014,Abu Dhabi,Sheikh Zayed Stadium,Sunrisers Hyderabad,Rajasthan Royals,Rajasthan Royals,field,win,Rajasthan Royals,,4,Ajinkya Madhukar Rahane
729287,2014,5,19/04/2014,,Dubai International Cricket Stadium,Royal Challengers Bangalore,Mumbai Indians,Royal Challengers Bangalore,field,win,Royal Challengers Bangalore,,7,Parthiv Ajay Patel
729289,2014,6,19/04/2014,,Dubai International Cricket Stadium,Kolkata Knight Riders,Delhi Capitals,Kolkata Knight Riders,bat,win,Delhi Capitals,,4,Jean-Paul Duminy
729291,2014,7,20/04/2014,,Sharjah Cricket Stadium,Rajasthan Royals,Punjab Kings,Punjab Kings,field,win,Punjab Kings,,7,Glenn James Maxwell
729293,2014,8,21/04/2014,Abu Dhabi,Sheikh Zayed Stadium,Chennai Super Kings,Delhi Capitals,Chennai Super Kings,bat,win,Chennai Super Kings,93,,Suresh Kumar Raina
729295,2014,9,22/04/2014,,Sharjah Cricket Stadium,Punjab Kings,Sunrisers Hyderabad,Sunrisers Hyderabad,field,win,Punjab Kings,72,,Glenn James Maxwell
729297,2014,10,23/04/2014,,Dubai International Cricket Stadium,Rajasthan Royals,Chennai Super Kings,Rajasthan Royals,field,win,Chennai Super Kings,7,,Ravindrasinh Anirudhsinh Jadeja
729299,2014,11,24/04/2014,,Sharjah Cricket Stadium,Royal Challengers Bangalore,Kolkata Knight Riders,Royal Challengers Bangalore,field,win,Kolkata Knight Riders,2,,Christopher Austin Lynn
729301,2014,12,25/04/2014,,Dubai International Cricket Stadium,Sunrisers Hyderabad,Delhi Capitals,Sunrisers Hyderabad,bat,win,Sunrisers Hyderabad,4,,Aaron James Finch
729303,2014,13,25/04/2014,,Dubai International Cricket Stadium,Chennai Super Kings,Mumbai Indians,Mumbai Indians,bat,win,Chennai Super Kings,,7,Mohit Mahipal Sharma
729305,2014,14,26/04/2014,Abu Dhabi,Sheikh Zayed Stadium,Rajasthan Royals,Royal Challengers Bangalore,Rajasthan Royals,field,win,Rajasthan Royals,,6,Pravin Vijay Tambe
729307,2014,15,26/04/2014,Abu Dhabi,Sheikh Zayed Stadium,Kolkata Knight Riders,Punjab Kings,Kolkata Knight Riders,field,win,Punjab Kings,23,,Sandeep Sharma
729309,2014,16,27/04/2014,,Sharjah Cricket Stadium,Delhi Capitals,Mumbai Indians,Mumbai Indians,bat,win,Delhi Capitals,,6,Murali Vijay
729311,2014,17,27/04/2014,,Sharjah Cricket Stadium,Sunrisers Hyderabad,Chennai Super Kings,Sunrisers Hyderabad,bat,win,Chennai Super Kings,,5,Dwayne Romel Smith
729313,2014,18,28/04/2014,,Dubai International Cricket Stadium,Punjab Kings,Royal Challengers Bangalore,Punjab Kings,field,win,Punjab Kings,,5,Sandeep Sharma
729315,2014,19,29/04/2014,Abu Dhabi,Sheikh Zayed Stadium,Kolkata Knight Riders,Rajasthan Royals,Rajasthan Royals,bat,tie,Rajasthan Royals,,,James Peter Faulkner
729317,2014,20,30/04/2014,,Dubai International Cricket Stadium,Mumbai Indians,Sunrisers Hyderabad,Mumbai Indians,field,win,Sunrisers Hyderabad,15,,Bhuvneshwar Kumar Singh
733971,2014,21,02/05/2014,Ranchi,JSCA International Stadium Complex,Chennai Super Kings,Kolkata Knight Riders,Chennai Super Kings,bat,win,Chennai Super Kings,34,,Ravindrasinh Anirudhsinh Jadeja
733973,2014,22,03/05/2014,Mumbai,Wankhede Stadium,Mumbai Indians,Punjab Kings,Punjab Kings,bat,win,Mumbai Indians,,5,Corey James Anderson
733975,2014,23,03/05/2014,Delhi,Feroz Shah Kotla,Delhi Capitals,Rajasthan Royals,Rajasthan Royals,field,win,Rajasthan Royals,,7,Karun Nair
733977,2014,24,04/05/2014,Bangalore,M Chinnaswamy Stadium,Royal Challengers Bangalore,Sunrisers Hyderabad,Royal Challengers Bangalore,field,win,Royal Challengers Bangalore,,4,Abraham Benjamin de Villiers
733979,2014,25,05/05/2014,Ahmedabad,"Sardar Patel Stadium, Motera",Rajasthan Royals,Kolkata Knight Riders,Kolkata Knight Riders,field,win,Rajasthan Royals,10,,Pravin Vijay Tambe
733981,2014,26,05/05/2014,Delhi,Feroz Shah Kotla,Delhi Capitals,Chennai Super Kings,Chennai Super Kings,field,win,Chennai Super Kings,,8,Dwayne Romel Smith
733983,2014,27,06/05/2014,Mumbai,Wankhede Stadium,Mumbai Indians,Royal Challengers Bangalore,Royal Challengers Bangalore,field,win,Mumbai Indians,19,,Rohit Gurunath Sharma
733985,2014,28,07/05/2014,Delhi,Feroz Shah Kotla,Delhi Capitals,Kolkata Knight Riders,Delhi Capitals,bat,win,Kolkata Knight Riders,,8,Gautam Gambhir
733987,2014,29,07/05/2014,Cuttack,Barabati Stadium,Punjab Kings,Chennai Super Kings,Chennai Super Kings,field,win,Punjab Kings,44,,Glenn James Maxwell
733989,2014,30,08/05/2014,Ahmedabad,"Sardar Patel Stadium, Motera",Rajasthan Royals,Sunrisers Hyderabad,Rajasthan Royals,field,win,Sunrisers Hyderabad,32,,Bhuvneshwar Kumar Singh
733991,2014,31,09/05/2014,Bangalore,M Chinnaswamy Stadium,Royal Challengers Bangalore,Punjab Kings,Royal Challengers Bangalore,field,win,Punjab Kings,32,,Sandeep Sharma
733993,2014,32,10/05/2014,Delhi,Feroz Shah Kotla,Delhi Capitals,Sunrisers Hyderabad,Sunrisers Hyderabad,field,win,Sunrisers Hyderabad,,8,Dale Willem Steyn
733995,2014,33,10/05/2014,Mumbai,Wankhede Stadium,Mumbai Indians,Chennai Super Kings,Chennai Super Kings,field,win,Chennai Super Kings,,4,Dwayne Romel Smith
733997,2014,34,11/05/2014,Cuttack,Barabati Stadium,Punjab Kings,Kolkata Knight Riders,Kolkata Knight Riders,field,win,Kolkata Knight Riders,,9,Gautam Gambhir
733999,2014,35,11/05/2014,Bangalore,M Chinnaswamy Stadium,Royal Challengers Bangalore,Rajasthan Royals,Royal Challengers Bangalore,bat,win,Rajasthan Royals,,5,James Peter Faulkner
734001,2014,36,12/05/2014,Hyderabad,"Rajiv Gandhi International Stadium, Uppal",Sunrisers Hyderabad,Mumbai Indians,Sunrisers Hyderabad,bat,win,Mumbai Indians,,7,Ambati Thirupathi Rayudu
734003,2014,37,13/05/2014,Ranchi,JSCA International Stadium Complex,Chennai Super Kings,Rajasthan Royals,Rajasthan Royals,bat,win,Chennai Super Kings,,5,Ravindrasinh Anirudhsinh Jadeja
734005,2014,38,13/05/2014,Bangalore,M Chinnaswamy Stadium,Royal Challengers Bangalore,Delhi Capitals,Delhi Capitals,field,win,Royal Challengers Bangalore,16,,Yuvraj Singh
734007,2014,39,14/05/2014,Hyderabad,"Rajiv Gandhi International Stadium, Uppal",Sunrisers Hyderabad,Punjab Kings,Punjab Kings,field,win,Punjab Kings,,6,Wriddhiman Prasanta Saha
734009,2014,40,14/05/2014,Cuttack,Barabati Stadium,Kolkata Knight Riders,Mumbai Indians,Kolkata Knight Riders,field,win,Kolkata Knight Riders,,6,Robin Venu Uthappa
734011,2014,41,15/05/2014,Ahmedabad,"Sardar Patel Stadium, Motera",Rajasthan Royals,Delhi Capitals,Delhi Capitals,field,win,Rajasthan Royals,62,,Ajinkya Madhukar Rahane
734013,2014,42,18/05/2014,Ranchi,JSCA International Stadium Complex,Chennai Super Kings,Royal Challengers Bangalore,Chennai Super Kings,bat,win,Royal Challengers Bangalore,,5,Abraham Benjamin de Villiers
734015,2014,43,18/05/2014,Hyderabad,"Rajiv Gandhi International Stadium, Uppal",Sunrisers Hyderabad,Kolkata Knight Riders,Sunrisers Hyderabad,bat,win,Kolkata Knight Riders,,7,Umeshkumar Tilak Yadav
734017,2014,44,19/05/2014,Ahmedabad,"Sardar Patel Stadium, Motera",Rajasthan Royals,Mumbai Indians,Mumbai Indians,bat,win,Mumbai Indians,25,,Michael Edward Killeen Hussey
734019,2014,45,19/05/2014,Delhi,Feroz Shah Kotla,Delhi Capitals,Punjab Kings,Punjab Kings,field,win,Punjab Kings,,4,Axar Rajeshbhai Patel
734021,2014,46,20/05/2014,Hyderabad,"Rajiv Gandhi International Stadium, Uppal",Sunrisers Hyderabad,Royal Challengers Bangalore,Royal Challengers Bangalore,bat,win,Sunrisers Hyderabad,,7,David Andrew Warner
734023,2014,47,20/05/2014,Kolkata,Eden Gardens,Kolkata Knight Riders,Chennai Super Kings,Kolkata Knight Riders,field,win,Kolkata Knight Riders,,8,Robin Venu Uthappa
734025,2014,48,21/05/2014,Chandigarh,"Punjab Cricket Association Stadium, Mohali",Punjab Kings,Mumbai Indians,Mumbai Indians,field,win,Mumbai Indians,,7,Lendl Mark Platter Simmons
734027,2014,49,22/05/2014,Kolkata,Eden Gardens,Kolkata Knight Riders,Royal Challengers Bangalore,Royal Challengers Bangalore,field,win,Kolkata Knight Riders,30,,Robin Venu Uthappa
734029,2014,50,22/05/2014,Ranchi,JSCA International Stadium Complex,Chennai Super Kings,Sunrisers Hyderabad,Sunrisers Hyderabad,field,win,Sunrisers Hyderabad,,6,David Andrew Warner
734031,2014,51,23/05/2014,Mumbai,Wankhede Stadium,Mumbai Indians,Delhi Capitals,Delhi Capitals,field,win,Mumbai Indians,15,,Michael Edward Killeen Hussey
734033,2014,52,23/05/2014,Chandigarh,"Punjab Cricket Association Stadium, Mohali",Punjab Kings,Rajasthan Royals,Rajasthan Royals,field,win,Punjab Kings,16,,Shaun Edward Marsh
734035,2014,53,24/05/2014,Bangalore,M Chinnaswamy Stadium,Royal Challengers Bangalore,Chennai Super Kings,Chennai Super Kings,field,win,Chennai Super Kings,,8,Mahendra Singh Dhoni
734037,2014,54,24/05/2014,Kolkata,Eden Gardens,Kolkata Knight Riders,Sunrisers Hyderabad,Kolkata Knight Riders,field,win,Kolkata Knight Riders,,4,Yusuf Khan Pathan
734039,2014,55,25/05/2014,Chandigarh,"Punjab Cricket Association Stadium, Mohali",Punjab Kings,Delhi Capitals,Punjab Kings,field,win,Punjab Kings,,7,Manan Vohra
734041,2014,56,25/05/2014,Mumbai,Wankhede Stadium,Mumbai Indians,Rajasthan Royals,Mumbai Indians,field,win,Mumbai Indians,,5,Corey James Anderson
734043,2014,,27/05/2014,Kolkata,Eden Gardens,Punjab Kings,Kolkata Knight Riders,Punjab Kings,field,win,Kolkata Knight Riders,28,,Umeshkumar Tilak Yadav
734045,2014,,28/05/2014,Mumbai,Brabourne Stadium,Chennai Super Kings,Mumbai Indians,Chennai Super Kings,field,win,Chennai Super Kings,,7,Suresh Kumar Raina
734047,2014,,30/05/2014,Mumbai,Wankhede Stadium,Chennai Super Kings,Punjab Kings,Chennai Super Kings,field,win,Punjab Kings,24,,Virender Sehwag
734049,2014,,01/06/2014,Bangalore,M Chinnaswamy Stadium,Kolkata Knight Riders,Punjab Kings,Kolkata Knight Riders,field,win,Kolkata Knight Riders,,3,Manish Krishnanand Pandey
829705,2015,1,08/04/2015,Kolkata,Eden Gardens,Kolkata Knight Riders,Mumbai Indians,Kolkata Knight Riders,field,win,Kolkata Knight Riders,,7,Morne Morkel
829707,2015,2,09/04/2015,Chennai,"MA Chidambaram Stadium, Chepauk",Chennai Super Kings,Delhi Capitals,Delhi Capitals,field,win,Chennai Super Kings,1,,Ashish Nehra
829709,2015,3,10/04/2015,Pune,Maharashtra Cricket Association Stadium,Punjab Kings,Rajasthan Royals,Punjab Kings,field,win,Rajasthan Royals,26,,James Peter Faulkner
829711,2015,4,11/04/2015,Chennai,"MA Chidambaram Stadium, Chepauk",Chennai Super Kings,Sunrisers Hyderabad,Chennai Super Kings,bat,win,Chennai Super Kings,45,,Brendon Barrie McCullum
829713,2015,5,11/04/2015,Kolkata,Eden Gardens,Kolkata Knight Riders,Royal Challengers Bangalore,Royal Challengers Bangalore,field,win,Royal Challengers Bangalore,,3,Christopher Henry Gayle
829715,2015,6,12/04/2015,Delhi,Feroz Shah Kotla,Delhi Capitals,Rajasthan Royals,Rajasthan Royals,field,win,Rajasthan Royals,,3,Deepak Jagbir Hooda
829717,2015,7,12/04/2015,Mumbai,Wankhede Stadium,Mumbai Indians,Punjab Kings,Mumbai Indians,field,win,Punjab Kings,18,,George John Bailey
829719,2015,8,13/04/2015,Bangalore,M Chinnaswamy Stadium,Royal Challengers Bangalore,Sunrisers Hyderabad,Sunrisers Hyderabad,field,win,Sunrisers Hyderabad,,8,David Andrew Warner
829721,2015,9,14/04/2015,Ahmedabad,"Sardar Patel Stadium, Motera",Rajasthan Royals,Mumbai Indians,Mumbai Indians,bat,win,Rajasthan Royals,,7,Steven Peter Devereux Smith
829723,2015,30,30/04/2015,Kolkata,Eden Gardens,Kolkata Knight Riders,Chennai Super Kings,Kolkata Knight Riders,field,win,Kolkata Knight Riders,,7,Andre Dwayne Russell
829725,2015,10,15/04/2015,Pune,Maharashtra Cricket Association Stadium,Punjab Kings,Delhi Capitals,Punjab Kings,bat,win,Delhi Capitals,,5,Mayank Anurag Agarwal
829727,2015,11,16/04/2015,Visakhapatnam,Dr. Y.S. Rajasekhara Reddy ACA-VDCA Cricket Stadium,Sunrisers Hyderabad,Rajasthan Royals,Rajasthan Royals,field,win,Rajasthan Royals,,6,Ajinkya Madhukar Rahane
829729,2015,12,17/04/2015,Mumbai,Wankhede Stadium,Mumbai Indians,Chennai Super Kings,Mumbai Indians,bat,win,Chennai Super Kings,,6,Ashish Nehra
829731,2015,13,18/04/2015,Visakhapatnam,Dr. Y.S. Rajasekhara Reddy ACA-VDCA Cricket Stadium,Sunrisers Hyderabad,Delhi Capitals,Delhi Capitals,bat,win,Delhi Capitals,4,,Jean-Paul Duminy
829733,2015,14,18/04/2015,Pune,Maharashtra Cricket Association Stadium,Punjab Kings,Kolkata Knight Riders,Kolkata Knight Riders,field,win,Kolkata Knight Riders,,4,Andre Dwayne Russell
829735,2015,15,19/04/2015,Ahmedabad,"Sardar Patel Stadium, Motera",Rajasthan Royals,Chennai Super Kings,Chennai Super Kings,bat,win,Rajasthan Royals,,8,Ajinkya Madhukar Rahane
829737,2015,16,19/04/2015,Bangalore,M Chinnaswamy Stadium,Royal Challengers Bangalore,Mumbai Indians,Royal Challengers Bangalore,field,win,Mumbai Indians,18,,Harbhajan Singh
829739,2015,17,20/04/2015,Delhi,Feroz Shah Kotla,Delhi Capitals,Kolkata Knight Riders,Kolkata Knight Riders,field,win,Kolkata Knight Riders,,6,Umeshkumar Tilak Yadav
829741,2015,18,21/04/2015,Ahmedabad,"Sardar Patel Stadium, Motera",Rajasthan Royals,Punjab Kings,Punjab Kings,field,tie,Punjab Kings,,,Shaun Edward Marsh
829743,2015,19,22/04/2015,Visakhapatnam,Dr. Y.S. Rajasekhara Reddy ACA-VDCA Cricket Stadium,Sunrisers Hyderabad,Kolkata Knight Riders,Kolkata Knight Riders,field,win,Sunrisers Hyderabad,16,,David Andrew Warner
829745,2015,20,22/04/2015,Bangalore,M Chinnaswamy Stadium,Royal Challengers Bangalore,Chennai Super Kings,Royal Challengers Bangalore,field,win,Chennai Super Kings,27,,Suresh Kumar Raina
829747,2015,21,23/04/2015,Delhi,Feroz Shah Kotla,Delhi Capitals,Mumbai Indians,Mumbai Indians,field,win,Delhi Capitals,37,,Shreyas Santosh Iyer
829749,2015,22,24/04/2015,Ahmedabad,"Sardar Patel Stadium, Motera",Rajasthan Royals,Royal Challengers Bangalore,Royal Challengers Bangalore,field,win,Royal Challengers Bangalore,,9,Mitchell Aaron Starc
829751,2015,23,25/04/2015,Mumbai,Wankhede Stadium,Mumbai Indians,Sunrisers Hyderabad,Mumbai Indians,bat,win,Mumbai Indians,20,,Separamadu Lasith Malinga
829753,2015,24,25/04/2015,Chennai,"MA Chidambaram Stadium, Chepauk",Chennai Super Kings,Punjab Kings,Chennai Super Kings,bat,win,Chennai Super Kings,97,,Brendon Barrie McCullum
829757,2015,26,26/04/2015,Delhi,Feroz Shah Kotla,Delhi Capitals,Royal Challengers Bangalore,Royal Challengers Bangalore,field,win,Royal Challengers Bangalore,,10,Varun Raymond Aaron
829759,2015,27,27/04/2015,Chandigarh,"Punjab Cricket Association Stadium, Mohali",Punjab Kings,Sunrisers Hyderabad,Punjab Kings,field,win,Sunrisers Hyderabad,20,,Trent Alexander Boult
829761,2015,42,07/05/2015,Kolkata,Eden Gardens,Kolkata Knight Riders,Delhi Capitals,Kolkata Knight Riders,bat,win,Kolkata Knight Riders,13,,Piyush Pramod Chawla
829763,2015,29,29/04/2015,Bangalore,M Chinnaswamy Stadium,Royal Challengers Bangalore,Rajasthan Royals,Rajasthan Royals,field,no result,Rajasthan Royals,,,#N/A
829765,2015,28,28/04/2015,Chennai,"MA Chidambaram Stadium, Chepauk",Chennai Super Kings,Kolkata Knight Riders,Kolkata Knight Riders,field,win,Chennai Super Kings,2,,Dwayne John Bravo
829767,2015,31,01/05/2015,Delhi,Feroz Shah Kotla,Delhi Capitals,Punjab Kings,Delhi Capitals,field,win,Delhi Capitals,,9,Nathan Mitchell Coulter-Nile
829769,2015,32,01/05/2015,Mumbai,Wankhede Stadium,Mumbai Indians,Rajasthan Royals,Rajasthan Royals,field,win,Mumbai Indians,8,,Ambati Thirupathi Rayudu
829771,2015,33,02/05/2015,Bangalore,M Chinnaswamy Stadium,Royal Challengers Bangalore,Kolkata Knight Riders,Royal Challengers Bangalore,field,win,Royal Challengers Bangalore,,7,Mandeep Singh
829773,2015,34,02/05/2015,Hyderabad,"Rajiv Gandhi International Stadium, Uppal",Sunrisers Hyderabad,Chennai Super Kings,Chennai Super Kings,field,win,Sunrisers Hyderabad,22,,David Andrew Warner
829775,2015,35,03/05/2015,Chandigarh,"Punjab Cricket Association Stadium, Mohali",Punjab Kings,Mumbai Indians,Mumbai Indians,bat,win,Mumbai Indians,23,,Lendl Mark Platter Simmons
829777,2015,36,03/05/2015,Mumbai,Brabourne Stadium,Rajasthan Royals,Delhi Capitals,Delhi Capitals,field,win,Rajasthan Royals,14,,Ajinkya Madhukar Rahane
829779,2015,37,04/05/2015,Chennai,"MA Chidambaram Stadium, Chepauk",Chennai Super Kings,Royal Challengers Bangalore,Chennai Super Kings,bat,win,Chennai Super Kings,24,,Suresh Kumar Raina
829781,2015,38,04/05/2015,Kolkata,Eden Gardens,Kolkata Knight Riders,Sunrisers Hyderabad,Sunrisers Hyderabad,field,win,Kolkata Knight Riders,35,,Umeshkumar Tilak Yadav
829783,2015,39,05/05/2015,Mumbai,Wankhede Stadium,Mumbai Indians,Delhi Capitals,Delhi Capitals,bat,win,Mumbai Indians,,5,Harbhajan Singh
829785,2015,40,06/05/2015,Bangalore,M Chinnaswamy Stadium,Royal Challengers Bangalore,Punjab Kings,Punjab Kings,field,win,Royal Challengers Bangalore,138,,Christopher Henry Gayle
829787,2015,41,07/05/2015,Mumbai,Brabourne Stadium,Rajasthan Royals,Sunrisers Hyderabad,Rajasthan Royals,field,win,Sunrisers Hyderabad,7,,Eoin Joseph Gerard Morgan
829789,2015,43,08/05/2015,Chennai,"MA Chidambaram Stadium, Chepauk",Chennai Super Kings,Mumbai Indians,Chennai Super Kings,bat,win,Mumbai Indians,,6,Hardik Himanshu Pandya
829791,2015,44,09/05/2015,Kolkata,Eden Gardens,Kolkata Knight Riders,Punjab Kings,Punjab Kings,bat,win,Kolkata Knight Riders,,1,Andre Dwayne Russell
829793,2015,45,09/05/2015,Raipur,Shaheed Veer Narayan Singh International Stadium,Delhi Capitals,Sunrisers Hyderabad,Sunrisers Hyderabad,bat,win,Sunrisers Hyderabad,6,,Moises Constantino Henriques
829795,2015,46,10/05/2015,Mumbai,Wankhede Stadium,Mumbai Indians,Royal Challengers Bangalore,Royal Challengers Bangalore,bat,win,Royal Challengers Bangalore,39,,Abraham Benjamin de Villiers
829797,2015,47,10/05/2015,Chennai,"MA Chidambaram Stadium, Chepauk",Chennai Super Kings,Rajasthan Royals,Chennai Super Kings,bat,win,Chennai Super Kings,12,,Ravindrasinh Anirudhsinh Jadeja
829799,2015,48,11/05/2015,Hyderabad,"Rajiv Gandhi International Stadium, Uppal",Sunrisers Hyderabad,Punjab Kings,Sunrisers Hyderabad,bat,win,Sunrisers Hyderabad,5,,David Andrew Warner
829801,2015,49,12/05/2015,Raipur,Shaheed Veer Narayan Singh International Stadium,Delhi Capitals,Chennai Super Kings,Chennai Super Kings,bat,win,Delhi Capitals,,6,Zaheer Khan
829803,2015,50,13/05/2015,Chandigarh,"Punjab Cricket Association Stadium, Mohali",Punjab Kings,Royal Challengers Bangalore,Royal Challengers Bangalore,field,win,Punjab Kings,22,,Axar Rajeshbhai Patel
829805,2015,51,14/05/2015,Mumbai,Wankhede Stadium,Mumbai Indians,Kolkata Knight Riders,Kolkata Knight Riders,field,win,Mumbai Indians,5,,Hardik Himanshu Pandya
829807,2015,52,15/05/2015,Hyderabad,"Rajiv Gandhi International Stadium, Uppal",Sunrisers Hyderabad,Royal Challengers Bangalore,Sunrisers Hyderabad,bat,win,Royal Challengers Bangalore,,6,Virat Kohli
829809,2015,53,16/05/2015,Chandigarh,"Punjab Cricket Association Stadium, Mohali",Punjab Kings,Chennai Super Kings,Punjab Kings,bat,win,Chennai Super Kings,,7,Pawan Negi
829811,2015,54,16/05/2015,Mumbai,Brabourne Stadium,Rajasthan Royals,Kolkata Knight Riders,Rajasthan Royals,bat,win,Rajasthan Royals,9,,Shane Robert Watson
829813,2015,55,17/05/2015,Bangalore,M Chinnaswamy Stadium,Royal Challengers Bangalore,Delhi Capitals,Royal Challengers Bangalore,field,no result,Delhi Capitals,,,#N/A
829815,2015,56,17/05/2015,Hyderabad,"Rajiv Gandhi International Stadium, Uppal",Sunrisers Hyderabad,Mumbai Indians,Sunrisers Hyderabad,bat,win,Mumbai Indians,,9,Mitchell John McClenaghan
829817,2015,,19/05/2015,Mumbai,Wankhede Stadium,Chennai Super Kings,Mumbai Indians,Mumbai Indians,bat,win,Mumbai Indians,25,,Kieron Adrian Pollard
829819,2015,,20/05/2015,Pune,Maharashtra Cricket Association Stadium,Royal Challengers Bangalore,Rajasthan Royals,Royal Challengers Bangalore,bat,win,Royal Challengers Bangalore,71,,Abraham Benjamin de Villiers
829821,2015,,22/05/2015,Ranchi,JSCA International Stadium Complex,Chennai Super Kings,Royal Challengers Bangalore,Chennai Super Kings,field,win,Chennai Super Kings,,3,Ashish Nehra
829823,2015,,24/05/2015,Kolkata,Eden Gardens,Mumbai Indians,Chennai Super Kings,Chennai Super Kings,field,win,Mumbai Indians,41,,Rohit Gurunath Sharma
980901,2016,1,09/04/2016,Mumbai,Wankhede Stadium,Mumbai Indians,Rising Pune Supergiant,Mumbai Indians,bat,win,Rising Pune Supergiant,,9,Ajinkya Madhukar Rahane
980903,2016,2,10/04/2016,Kolkata,Eden Gardens,Kolkata Knight Riders,Delhi Capitals,Kolkata Knight Riders,field,win,Kolkata Knight Riders,,9,Andre Dwayne Russell
980905,2016,3,11/04/2016,Chandigarh,"Punjab Cricket Association IS Bindra Stadium, Mohali",Punjab Kings,Gujarat Lions,Gujarat Lions,field,win,Gujarat Lions,,5,Aaron James Finch
980907,2016,4,12/04/2016,Bangalore,M Chinnaswamy Stadium,Royal Challengers Bangalore,Sunrisers Hyderabad,Sunrisers Hyderabad,field,win,Royal Challengers Bangalore,45,,Abraham Benjamin de Villiers
980909,2016,5,13/04/2016,Kolkata,Eden Gardens,Kolkata Knight Riders,Mumbai Indians,Mumbai Indians,field,win,Mumbai Indians,,6,Rohit Gurunath Sharma
980911,2016,6,14/04/2016,Rajkot,Saurashtra Cricket Association Stadium,Gujarat Lions,Rising Pune Supergiant,Rising Pune Supergiant,bat,win,Gujarat Lions,,7,Aaron James Finch
980913,2016,7,15/04/2016,Delhi,Feroz Shah Kotla,Delhi Capitals,Punjab Kings,Delhi Capitals,field,win,Delhi Capitals,,8,Amit Mishra
980915,2016,8,16/04/2016,Hyderabad,"Rajiv Gandhi International Stadium, Uppal",Sunrisers Hyderabad,Kolkata Knight Riders,Sunrisers Hyderabad,bat,win,Kolkata Knight Riders,,8,Gautam Gambhir
980917,2016,9,16/04/2016,Mumbai,Wankhede Stadium,Mumbai Indians,Gujarat Lions,Gujarat Lions,field,win,Gujarat Lions,,3,Aaron James Finch
980919,2016,10,17/04/2016,Chandigarh,"Punjab Cricket Association IS Bindra Stadium, Mohali",Punjab Kings,Rising Pune Supergiant,Rising Pune Supergiant,bat,win,Punjab Kings,,6,Manan Vohra
980921,2016,11,17/04/2016,Bangalore,M Chinnaswamy Stadium,Royal Challengers Bangalore,Delhi Capitals,Delhi Capitals,field,win,Delhi Capitals,,7,Quinton de Kock
980923,2016,12,18/04/2016,Hyderabad,"Rajiv Gandhi International Stadium, Uppal",Sunrisers Hyderabad,Mumbai Indians,Sunrisers Hyderabad,field,win,Sunrisers Hyderabad,,7,David Andrew Warner
980925,2016,13,19/04/2016,Chandigarh,"Punjab Cricket Association IS Bindra Stadium, Mohali",Punjab Kings,Kolkata Knight Riders,Kolkata Knight Riders,field,win,Kolkata Knight Riders,,6,Robin Venu Uthappa
980927,2016,14,20/04/2016,Mumbai,Wankhede Stadium,Mumbai Indians,Royal Challengers Bangalore,Mumbai Indians,field,win,Mumbai Indians,,6,Rohit Gurunath Sharma
980929,2016,15,21/04/2016,Rajkot,Saurashtra Cricket Association Stadium,Gujarat Lions,Sunrisers Hyderabad,Sunrisers Hyderabad,field,win,Sunrisers Hyderabad,,10,Bhuvneshwar Kumar Singh
980931,2016,16,22/04/2016,Pune,Maharashtra Cricket Association Stadium,Rising Pune Supergiant,Royal Challengers Bangalore,Rising Pune Supergiant,field,win,Royal Challengers Bangalore,13,,Abraham Benjamin de Villiers
980933,2016,17,23/04/2016,Delhi,Feroz Shah Kotla,Delhi Capitals,Mumbai Indians,Mumbai Indians,field,win,Delhi Capitals,10,,Sanju Viswanath Samson
980935,2016,18,23/04/2016,Hyderabad,"Rajiv Gandhi International Stadium, Uppal",Sunrisers Hyderabad,Punjab Kings,Sunrisers Hyderabad,field,win,Sunrisers Hyderabad,,5,Mustafizur Rahman
980937,2016,19,24/04/2016,Rajkot,Saurashtra Cricket Association Stadium,Gujarat Lions,Royal Challengers Bangalore,Royal Challengers Bangalore,bat,win,Gujarat Lions,,6,Virat Kohli
980939,2016,20,24/04/2016,Pune,Maharashtra Cricket Association Stadium,Rising Pune Supergiant,Kolkata Knight Riders,Kolkata Knight Riders,field,win,Kolkata Knight Riders,,2,Suryakumar Ashok Yadav
980941,2016,21,25/04/2016,Chandigarh,"Punjab Cricket Association IS Bindra Stadium, Mohali",Punjab Kings,Mumbai Indians,Punjab Kings,field,win,Mumbai Indians,25,,Parthiv Ajay Patel
980943,2016,22,26/04/2016,Hyderabad,"Rajiv Gandhi International Stadium, Uppal",Sunrisers Hyderabad,Rising Pune Supergiant,Rising Pune Supergiant,field,win,Rising Pune Supergiant,34,,Ashok Bhimchandra Dinda
980945,2016,23,27/04/2016,Delhi,Feroz Shah Kotla,Delhi Capitals,Gujarat Lions,Delhi Capitals,field,win,Gujarat Lions,1,,Christopher Henry Morris
980947,2016,24,28/04/2016,Mumbai,Wankhede Stadium,Mumbai Indians,Kolkata Knight Riders,Mumbai Indians,field,win,Mumbai Indians,,6,Rohit Gurunath Sharma
980949,2016,25,29/04/2016,Pune,Maharashtra Cricket Association Stadium,Rising Pune Supergiant,Gujarat Lions,Gujarat Lions,field,win,Gujarat Lions,,3,Dwayne Romel Smith
980951,2016,26,30/04/2016,Delhi,Feroz Shah Kotla,Delhi Capitals,Kolkata Knight Riders,Kolkata Knight Riders,field,win,Delhi Capitals,27,,Carlos Ricardo Brathwaite
980953,2016,27,30/04/2016,Hyderabad,"Rajiv Gandhi International Stadium, Uppal",Sunrisers Hyderabad,Royal Challengers Bangalore,Royal Challengers Bangalore,field,win,Sunrisers Hyderabad,15,,David Andrew Warner
980955,2016,28,01/05/2016,Rajkot,Saurashtra Cricket Association Stadium,Gujarat Lions,Punjab Kings,Gujarat Lions,field,win,Punjab Kings,23,,Axar Rajeshbhai Patel
980957,2016,29,01/05/2016,Pune,Maharashtra Cricket Association Stadium,Rising Pune Supergiant,Mumbai Indians,Mumbai Indians,field,win,Mumbai Indians,,8,Rohit Gurunath Sharma
980959,2016,30,02/05/2016,Bangalore,M Chinnaswamy Stadium,Royal Challengers Bangalore,Kolkata Knight Riders,Kolkata Knight Riders,field,win,Kolkata Knight Riders,,5,Andre Dwayne Russell
980961,2016,31,03/05/2016,Rajkot,Saurashtra Cricket Association Stadium,Gujarat Lions,Delhi Capitals,Delhi Capitals,field,win,Delhi Capitals,,8,Rishabh Rajendra Pant
980963,2016,32,04/05/2016,Kolkata,Eden Gardens,Kolkata Knight Riders,Punjab Kings,Punjab Kings,field,win,Kolkata Knight Riders,7,,Andre Dwayne Russell
980965,2016,33,05/05/2016,Delhi,Feroz Shah Kotla,Delhi Capitals,Rising Pune Supergiant,Rising Pune Supergiant,field,win,Rising Pune Supergiant,,7,Ajinkya Madhukar Rahane
980967,2016,34,06/05/2016,Hyderabad,"Rajiv Gandhi International Stadium, Uppal",Sunrisers Hyderabad,Gujarat Lions,Sunrisers Hyderabad,field,win,Sunrisers Hyderabad,,5,Bhuvneshwar Kumar Singh
980969,2016,35,07/05/2016,Bangalore,M Chinnaswamy Stadium,Royal Challengers Bangalore,Rising Pune Supergiant,Royal Challengers Bangalore,field,win,Royal Challengers Bangalore,,7,Virat Kohli
980971,2016,36,07/05/2016,Chandigarh,"Punjab Cricket Association IS Bindra Stadium, Mohali",Punjab Kings,Delhi Capitals,Delhi Capitals,field,win,Punjab Kings,9,,Marcus Peter Stoinis
980973,2016,37,08/05/2016,Visakhapatnam,Dr. Y.S. Rajasekhara Reddy ACA-VDCA Cricket Stadium,Mumbai Indians,Sunrisers Hyderabad,Mumbai Indians,field,win,Sunrisers Hyderabad,85,,Ashish Nehra
980975,2016,38,08/05/2016,Kolkata,Eden Gardens,Kolkata Knight Riders,Gujarat Lions,Gujarat Lions,field,win,Gujarat Lions,,5,Praveenkumar Sakat Singh
980977,2016,39,09/05/2016,Chandigarh,"Punjab Cricket Association IS Bindra Stadium, Mohali",Punjab Kings,Royal Challengers Bangalore,Punjab Kings,field,win,Royal Challengers Bangalore,1,,Shane Robert Watson
1473446,2025,9,29/03/2025,Ahmedabad,"Narendra Modi Stadium, Ahmedabad",Gujarat Titans,Mumbai Indians,Mumbai Indians,field,win,Gujarat Titans,36,,Muralikrishna Prasidh Krishna
980979,2016,40,10/05/2016,Visakhapatnam,Dr. Y.S. Rajasekhara Reddy ACA-VDCA Cricket Stadium,Rising Pune Supergiant,Sunrisers Hyderabad,Sunrisers Hyderabad,bat,win,Sunrisers Hyderabad,4,,Adam Zampa
980981,2016,41,11/05/2016,Bangalore,M Chinnaswamy Stadium,Royal Challengers Bangalore,Mumbai Indians,Mumbai Indians,field,win,Mumbai Indians,,6,Krunal Himanshu Pandya
980983,2016,42,12/05/2016,Hyderabad,"Rajiv Gandhi International Stadium, Uppal",Sunrisers Hyderabad,Delhi Capitals,Delhi Capitals,field,win,Delhi Capitals,,7,Christopher Henry Morris
980985,2016,43,13/05/2016,Visakhapatnam,Dr. Y.S. Rajasekhara Reddy ACA-VDCA Cricket Stadium,Mumbai Indians,Punjab Kings,Mumbai Indians,bat,win,Punjab Kings,,7,Marcus Peter Stoinis
980987,2016,44,14/05/2016,Bangalore,M Chinnaswamy Stadium,Royal Challengers Bangalore,Gujarat Lions,Gujarat Lions,field,win,Royal Challengers Bangalore,144,,Abraham Benjamin de Villiers
980989,2016,45,14/05/2016,Kolkata,Eden Gardens,Kolkata Knight Riders,Rising Pune Supergiant,Rising Pune Supergiant,bat,win,Kolkata Knight Riders,,8,Yusuf Khan Pathan
980991,2016,46,15/05/2016,Chandigarh,"Punjab Cricket Association IS Bindra Stadium, Mohali",Punjab Kings,Sunrisers Hyderabad,Punjab Kings,bat,win,Sunrisers Hyderabad,,7,Hashim Mahomed Amla
980993,2016,47,15/05/2016,Visakhapatnam,Dr. Y.S. Rajasekhara Reddy ACA-VDCA Cricket Stadium,Mumbai Indians,Delhi Capitals,Delhi Capitals,field,win,Mumbai Indians,80,,Krunal Himanshu Pandya
980995,2016,48,16/05/2016,Kolkata,Eden Gardens,Kolkata Knight Riders,Royal Challengers Bangalore,Royal Challengers Bangalore,field,win,Royal Challengers Bangalore,,9,Virat Kohli
980997,2016,49,17/05/2016,Visakhapatnam,Dr. Y.S. Rajasekhara Reddy ACA-VDCA Cricket Stadium,Rising Pune Supergiant,Delhi Capitals,Rising Pune Supergiant,field,win,Rising Pune Supergiant,19,,Ashok Bhimchandra Dinda
980999,2016,50,18/05/2016,Bangalore,M Chinnaswamy Stadium,Royal Challengers Bangalore,Punjab Kings,Punjab Kings,field,win,Royal Challengers Bangalore,82,,Virat Kohli
981001,2016,51,19/05/2016,Kanpur,Green Park,Gujarat Lions,Kolkata Knight Riders,Gujarat Lions,field,win,Gujarat Lions,,6,Dwayne Romel Smith
981003,2016,52,20/05/2016,Raipur,Shaheed Veer Narayan Singh International Stadium,Delhi Capitals,Sunrisers Hyderabad,Delhi Capitals,field,win,Delhi Capitals,,6,Karun Nair
981005,2016,53,21/05/2016,Visakhapatnam,Dr. Y.S. Rajasekhara Reddy ACA-VDCA Cricket Stadium,Rising Pune Supergiant,Punjab Kings,Punjab Kings,bat,win,Rising Pune Supergiant,,4,Mahendra Singh Dhoni
981007,2016,54,21/05/2016,Kanpur,Green Park,Gujarat Lions,Mumbai Indians,Gujarat Lions,field,win,Gujarat Lions,,6,Suresh Kumar Raina
981009,2016,55,22/05/2016,Kolkata,Eden Gardens,Kolkata Knight Riders,Sunrisers Hyderabad,Sunrisers Hyderabad,field,win,Kolkata Knight Riders,22,,Yusuf Khan Pathan
981011,2016,56,22/05/2016,Raipur,Shaheed Veer Narayan Singh International Stadium,Delhi Capitals,Royal Challengers Bangalore,Royal Challengers Bangalore,field,win,Royal Challengers Bangalore,,6,Virat Kohli
981013,2016,,24/05/2016,Bangalore,M Chinnaswamy Stadium,Gujarat Lions,Royal Challengers Bangalore,Royal Challengers Bangalore,field,win,Royal Challengers Bangalore,,4,Abraham Benjamin de Villiers
981015,2016,,25/05/2016,Delhi,Feroz Shah Kotla,Sunrisers Hyderabad,Kolkata Knight Riders,Kolkata Knight Riders,field,win,Sunrisers Hyderabad,22,,Moises Constantino Henriques
981017,2016,,27/05/2016,Delhi,Feroz Shah Kotla,Gujarat Lions,Sunrisers Hyderabad,Sunrisers Hyderabad,field,win,Sunrisers Hyderabad,,4,David Andrew Warner
981019,2016,,29/05/2016,Bangalore,M Chinnaswamy Stadium,Royal Challengers Bangalore,Sunrisers Hyderabad,Sunrisers Hyderabad,bat,win,Sunrisers Hyderabad,8,,Benjamin Colin James Cutting
1473447,2025,10,30/03/2025,Visakhapatnam,"Dr. Y.S. Rajasekhara Reddy ACA-VDCA Cricket Stadium, Visakhapatnam",Sunrisers Hyderabad,Delhi Capitals,Sunrisers Hyderabad,bat,win,Delhi Capitals,,7,Mitchell Aaron Starc
1473448,2025,11,30/03/2025,Guwahati,"Barsapara Cricket Stadium, Guwahati",Rajasthan Royals,Chennai Super Kings,Chennai Super Kings,field,win,Rajasthan Royals,6,,Nitish Rana
1473449,2025,12,31/03/2025,Mumbai,"Wankhede Stadium, Mumbai",Kolkata Knight Riders,Mumbai Indians,Mumbai Indians,field,win,Mumbai Indians,,8,Ashwani Kumar
1473450,2025,13,01/04/2025,Lucknow,"Bharat Ratna Shri Atal Bihari Vajpayee Ekana Cricket Stadium, Lucknow",Lucknow Super Giants,Punjab Kings,Punjab Kings,field,win,Punjab Kings,,8,Prabhsimran Singh
1473451,2025,14,02/04/2025,Bengaluru,"M Chinnaswamy Stadium, Bengaluru",Royal Challengers Bangalore,Gujarat Titans,Gujarat Titans,field,win,Gujarat Titans,,8,Mohammed Siraj
1473452,2025,15,03/04/2025,Kolkata,"Eden Gardens, Kolkata",Kolkata Knight Riders,Sunrisers Hyderabad,Sunrisers Hyderabad,field,win,Kolkata Knight Riders,80,,Vaibhav Gopal Arora
1473453,2025,16,04/04/2025,Lucknow,"Bharat Ratna Shri Atal Bihari Vajpayee Ekana Cricket Stadium, Lucknow",Lucknow Super Giants,Mumbai Indians,Mumbai Indians,field,win,Lucknow Super Giants,12,,Digvesh Singh Rathi
1473454,2025,17,05/04/2025,Chennai,"MA Chidambaram Stadium, Chepauk, Chennai",Delhi Capitals,Chennai Super Kings,Delhi Capitals,bat,win,Delhi Capitals,25,,Kannaur Lokesh Rahul
1473455,2025,18,05/04/2025,Mohali,"Maharaja Yadavindra Singh International Cricket Stadium, Mullanpur",Rajasthan Royals,Punjab Kings,Punjab Kings,field,win,Rajasthan Royals,50,,Jofra Chioke Archer
1473456,2025,21,08/04/2025,Kolkata,"Eden Gardens, Kolkata",Lucknow Super Giants,Kolkata Knight Riders,Kolkata Knight Riders,field,win,Lucknow Super Giants,4,,Nicholas Pooran
1473457,2025,19,06/04/2025,Hyderabad,"Rajiv Gandhi International Stadium, Uppal, Hyderabad",Sunrisers Hyderabad,Gujarat Titans,Gujarat Titans,field,win,Gujarat Titans,,7,Mohammed Siraj
1473458,2025,20,07/04/2025,Mumbai,"Wankhede Stadium, Mumbai",Royal Challengers Bangalore,Mumbai Indians,Mumbai Indians,field,win,Royal Challengers Bangalore,12,,Rajat Manohar Patidar
1473459,2025,22,08/04/2025,Mohali,"Maharaja Yadavindra Singh International Cricket Stadium, Mullanpur",Punjab Kings,Chennai Super Kings,Punjab Kings,bat,win,Punjab Kings,18,,Priyansh Arya
1473460,2025,23,09/04/2025,Ahmedabad,"Narendra Modi Stadium, Ahmedabad",Gujarat Titans,Rajasthan Royals,Rajasthan Royals,field,win,Gujarat Titans,58,,Bhardwaj Sai Sudharsan
1473461,2025,24,10/04/2025,Bengaluru,"M Chinnaswamy Stadium, Bengaluru",Royal Challengers Bangalore,Delhi Capitals,Delhi Capitals,field,win,Delhi Capitals,,6,Kannaur Lokesh Rahul
1473462,2025,25,11/04/2025,Chennai,"MA Chidambaram Stadium, Chepauk, Chennai",Chennai Super Kings,Kolkata Knight Riders,Kolkata Knight Riders,field,win,Kolkata Knight Riders,,8,Sunil Philip Narine
1473463,2025,26,12/04/2025,Lucknow,"Bharat Ratna Shri Atal Bihari Vajpayee Ekana Cricket Stadium, Lucknow",Gujarat Titans,Lucknow Super Giants,Lucknow Super Giants,field,win,Lucknow Super Giants,,6,Aiden Kyle Markram
1473464,2025,27,12/04/2025,Hyderabad,"Rajiv Gandhi International Stadium, Uppal, Hyderabad",Punjab Kings,Sunrisers Hyderabad,Punjab Kings,bat,win,Sunrisers Hyderabad,,8,Abhishek Sharma
1473465,2025,28,13/04/2025,Jaipur,"Sawai Mansingh Stadium, Jaipur",Rajasthan Royals,Royal Challengers Bangalore,Royal Challengers Bangalore,field,win,Royal Challengers Bangalore,,9,Philip Dean Salt
1473466,2025,29,13/04/2025,Delhi,"Arun Jaitley Stadium, Delhi",Mumbai Indians,Delhi Capitals,Delhi Capitals,field,win,Mumbai Indians,12,,Karn Vinod Sharma
1473467,2025,30,14/04/2025,Lucknow,"Bharat Ratna Shri Atal Bihari Vajpayee Ekana Cricket Stadium, Lucknow",Lucknow Super Giants,Chennai Super Kings,Chennai Super Kings,field,win,Chennai Super Kings,,5,Mahendra Singh Dhoni
1473468,2025,31,15/04/2025,Mohali,"Maharaja Yadavindra Singh International Cricket Stadium, Mullanpur",Punjab Kings,Kolkata Knight Riders,Punjab Kings,bat,win,Punjab Kings,16,,Yuzvendra Singh Chahal
1473469,2025,32,16/04/2025,Delhi,"Arun Jaitley Stadium, Delhi",Delhi Capitals,Rajasthan Royals,Rajasthan Royals,field,tie,Rajasthan Royals,,,Mitchell Aaron Starc
1473470,2025,33,17/04/2025,Mumbai,"Wankhede Stadium, Mumbai",Sunrisers Hyderabad,Mumbai Indians,Mumbai Indians,field,win,Mumbai Indians,,4,William George Jacks
1473471,2025,34,18/04/2025,Bengaluru,"M Chinnaswamy Stadium, Bengaluru",Royal Challengers Bangalore,Punjab Kings,Punjab Kings,field,win,Punjab Kings,,5,Timothy Hays David
1473472,2025,35,19/04/2025,Ahmedabad,"Narendra Modi Stadium, Ahmedabad",Delhi Capitals,Gujarat Titans,Gujarat Titans,field,win,Gujarat Titans,,7,Joseph Charles Buttler
1473473,2025,36,19/04/2025,Jaipur,"Sawai Mansingh Stadium, Jaipur",Lucknow Super Giants,Rajasthan Royals,Lucknow Super Giants,bat,win,Lucknow Super Giants,2,,Avesh Khan
1473474,2025,37,20/04/2025,Mohali,"Maharaja Yadavindra Singh International Cricket Stadium, Mullanpur",Punjab Kings,Royal Challengers Bangalore,Royal Challengers Bangalore,field,win,Royal Challengers Bangalore,,7,Virat Kohli
1473475,2025,38,20/04/2025,Mumbai,"Wankhede Stadium, Mumbai",Chennai Super Kings,Mumbai Indians,Mumbai Indians,field,win,Mumbai Indians,,9,Rohit Gurunath Sharma
1473476,2025,39,21/04/2025,Kolkata,"Eden Gardens, Kolkata",Gujarat Titans,Kolkata Knight Riders,Kolkata Knight Riders,field,win,Gujarat Titans,39,,Shubman Gill
1473477,2025,40,22/04/2025,Lucknow,"Bharat Ratna Shri Atal Bihari Vajpayee Ekana Cricket Stadium, Lucknow",Lucknow Super Giants,Delhi Capitals,Delhi Capitals,field,win,Delhi Capitals,,8,Mukesh Kumar
1473478,2025,41,23/04/2025,Hyderabad,"Rajiv Gandhi International Stadium, Uppal, Hyderabad",Sunrisers Hyderabad,Mumbai Indians,Mumbai Indians,field,win,Mumbai Indians,,7,Trent Alexander Boult
1473479,2025,42,24/04/2025,Bengaluru,"M Chinnaswamy Stadium, Bengaluru",Royal Challengers Bangalore,Rajasthan Royals,Rajasthan Royals,field,win,Royal Challengers Bangalore,11,,Josh Reginald Hazlewood
1473480,2025,43,25/04/2025,Chennai,"MA Chidambaram Stadium, Chepauk, Chennai",Chennai Super Kings,Sunrisers Hyderabad,Sunrisers Hyderabad,field,win,Sunrisers Hyderabad,,5,Harshal Vikram Patel
1473481,2025,44,26/04/2025,Kolkata,"Eden Gardens, Kolkata",Punjab Kings,Kolkata Knight Riders,Punjab Kings,bat,no result,Kolkata Knight Riders,,,#N/A
1473482,2025,45,27/04/2025,Mumbai,"Wankhede Stadium, Mumbai",Mumbai Indians,Lucknow Super Giants,Lucknow Super Giants,field,win,Mumbai Indians,54,,William George Jacks
1473483,2025,46,27/04/2025,Delhi,"Arun Jaitley Stadium, Delhi",Delhi Capitals,Royal Challengers Bangalore,Royal Challengers Bangalore,field,win,Royal Challengers Bangalore,,6,Krunal Himanshu Pandya
1473484,2025,47,28/04/2025,Jaipur,"Sawai Mansingh Stadium, Jaipur",Gujarat Titans,Rajasthan Royals,Rajasthan Royals,field,win,Rajasthan Royals,,8,Vaibhav Suryavanshi
1473485,2025,48,29/04/2025,Delhi,"Arun Jaitley Stadium, Delhi",Kolkata Knight Riders,Delhi Capitals,Delhi Capitals,field,win,Kolkata Knight Riders,14,,Sunil Philip Narine
1473486,2025,49,30/04/2025,Chennai,"MA Chidambaram Stadium, Chepauk, Chennai",Chennai Super Kings,Punjab Kings,Punjab Kings,field,win,Punjab Kings,,4,Shreyas Santosh Iyer
1473487,2025,50,01/05/2025,Jaipur,"Sawai Mansingh Stadium, Jaipur",Mumbai Indians,Rajasthan Royals,Rajasthan Royals,field,win,Mumbai Indians,100,,Ryan Rickelton
1473488,2025,51,02/05/2025,Ahmedabad,"Narendra Modi Stadium, Ahmedabad",Gujarat Titans,Sunrisers Hyderabad,Sunrisers Hyderabad,field,win,Gujarat Titans,38,,Muralikrishna Prasidh Krishna
1473489,2025,52,03/05/2025,Bengaluru,"M Chinnaswamy Stadium, Bengaluru",Royal Challengers Bangalore,Chennai Super Kings,Chennai Super Kings,field,win,Royal Challengers Bangalore,2,,Romario Shepherd
1473490,2025,53,04/05/2025,Kolkata,"Eden Gardens, Kolkata",Kolkata Knight Riders,Rajasthan Royals,Kolkata Knight Riders,bat,win,Kolkata Knight Riders,1,,Andre Dwayne Russell
1473491,2025,54,04/05/2025,Dharamsala,"Himachal Pradesh Cricket Association Stadium, Dharamsala",Punjab Kings,Lucknow Super Giants,Lucknow Super Giants,field,win,Punjab Kings,37,,Prabhsimran Singh
1473492,2025,55,05/05/2025,Hyderabad,"Rajiv Gandhi International Stadium, Uppal, Hyderabad",Delhi Capitals,Sunrisers Hyderabad,Sunrisers Hyderabad,field,no result,Sunrisers Hyderabad,,,#N/A
1473493,2025,56,06/05/2025,Mumbai,"Wankhede Stadium, Mumbai",Mumbai Indians,Gujarat Titans,Gujarat Titans,field,win,Gujarat Titans,,3,Shubman Gill
1473494,2025,57,07/05/2025,Kolkata,"Eden Gardens, Kolkata",Kolkata Knight Riders,Chennai Super Kings,Kolkata Knight Riders,bat,win,Chennai Super Kings,,2,Noor Ahmad Lakanwal
1473495,2025,58,08/05/2025,Dharamsala,"Himachal Pradesh Cricket Association Stadium, Dharamsala",Punjab Kings,Delhi Capitals,Punjab Kings,bat,no result,Delhi Capitals,,,#N/A
1473497,2025,59,18/05/2025,Jaipur,"Sawai Mansingh Stadium, Jaipur",Punjab Kings,Rajasthan Royals,Punjab Kings,bat,win,Punjab Kings,10,,Harpreet Brar
1473498,2025,60,18/05/2025,Delhi,"Arun Jaitley Stadium, Delhi",Delhi Capitals,Gujarat Titans,Gujarat Titans,field,win,Gujarat Titans,,10,Bhardwaj Sai Sudharsan
1473499,2025,61,19/05/2025,Lucknow,"Bharat Ratna Shri Atal Bihari Vajpayee Ekana Cricket Stadium, Lucknow",Lucknow Super Giants,Sunrisers Hyderabad,Sunrisers Hyderabad,field,win,Sunrisers Hyderabad,,6,Abhishek Sharma
1473500,2025,62,20/05/2025,Delhi,"Arun Jaitley Stadium, Delhi",Chennai Super Kings,Rajasthan Royals,Rajasthan Royals,field,win,Rajasthan Royals,,6,Akash Madhwal
1473501,2025,63,21/05/2025,Mumbai,"Wankhede Stadium, Mumbai",Mumbai Indians,Delhi Capitals,Delhi Capitals,field,win,Mumbai Indians,59,,Suryakumar Ashok Yadav
1473502,2025,64,22/05/2025,Ahmedabad,"Narendra Modi Stadium, Ahmedabad",Lucknow Super Giants,Gujarat Titans,Gujarat Titans,field,win,Lucknow Super Giants,33,,Mitchell Ross Marsh
1473503,2025,65,23/05/2025,Lucknow,"Bharat Ratna Shri Atal Bihari Vajpayee Ekana Cricket Stadium, Lucknow",Sunrisers Hyderabad,Royal Challengers Bangalore,Royal Challengers Bangalore,field,win,Sunrisers Hyderabad,42,,Ishan Pranav Kumar Pandey Kishan
1473504,2025,67,25/05/2025,Ahmedabad,"Narendra Modi Stadium, Ahmedabad",Chennai Super Kings,Gujarat Titans,Chennai Super Kings,bat,win,Chennai Super Kings,83,,Dewald Brevis
1473505,2025,68,25/05/2025,Delhi,"Arun Jaitley Stadium, Delhi",Sunrisers Hyderabad,Kolkata Knight Riders,Sunrisers Hyderabad,bat,win,Sunrisers Hyderabad,110,,Heinrich Klaasen
1473506,2025,69,26/05/2025,Jaipur,"Sawai Mansingh Stadium, Jaipur",Mumbai Indians,Punjab Kings,Punjab Kings,field,win,Punjab Kings,,7,Joshua Patrick Inglis
1473507,2025,70,27/05/2025,Lucknow,"Bharat Ratna Shri Atal Bihari Vajpayee Ekana Cricket Stadium, Lucknow",Lucknow Super Giants,Royal Challengers Bangalore,Royal Challengers Bangalore,field,win,Royal Challengers Bangalore,,6,Jitesh Mohan Sharma
1473508,2025,,29/05/2025,New Chandigarh,"Maharaja Yadavindra Singh International Cricket Stadium, Mullanpur",Punjab Kings,Royal Challengers Bangalore,Royal Challengers Bangalore,field,win,Royal Challengers Bangalore,,8,Suyash Sharma
1473509,2025,,30/05/2025,New Chandigarh,"Maharaja Yadavindra Singh International Cricket Stadium, New Chandigarh",Mumbai Indians,Gujarat Titans,Mumbai Indians,bat,win,Mumbai Indians,20,,Rohit Gurunath Sharma
1473510,2025,,01/06/2025,Ahmedabad,"Narendra Modi Stadium, Ahmedabad",Mumbai Indians,Punjab Kings,Punjab Kings,field,win,Punjab Kings,,5,Shreyas Santosh Iyer
1473511,2025,,03/06/2025,Ahmedabad,"Narendra Modi Stadium, Ahmedabad",Royal Challengers Bangalore,Punjab Kings,Punjab Kings,field,win,Royal Challengers Bangalore,6,,Krunal Himanshu Pandya
1485779,2025,66,24/05/2025,Jaipur,"Sawai Mansingh Stadium, Jaipur",Punjab Kings,Delhi Capitals,Delhi Capitals,field,win,Delhi Capitals,,6,Sameer Rizvi
1527674,2026,1,28/03/2026,Bengaluru,"M Chinnaswamy Stadium, Bengaluru",Sunrisers Hyderabad,Royal Challengers Bangalore,Royal Challengers Bangalore,field,win,Royal Challengers Bangalore,,6,Jacob Andrew Duffy
1527675,2026,2,29/03/2026,Mumbai,"Wankhede Stadium, Mumbai",Kolkata Knight Riders,Mumbai Indians,Mumbai Indians,field,win,Mumbai Indians,,6,Shardul Narendra Thakur
1527676,2026,3,30/03/2026,Guwahati,"Barsapara Cricket Stadium, Guwahati",Chennai Super Kings,Rajasthan Royals,Rajasthan Royals,field,win,Rajasthan Royals,,8,Nandre Burger
1527677,2026,4,31/03/2026,New Chandigarh,"Maharaja Yadavindra Singh International Cricket Stadium, New Chandigarh",Gujarat Titans,Punjab Kings,Punjab Kings,field,win,Punjab Kings,,3,Cooper Patrick Leonard Connolly
1527678,2026,5,01/04/2026,Lucknow,"Bharat Ratna Shri Atal Bihari Vajpayee Ekana Cricket Stadium, Lucknow",Lucknow Super Giants,Delhi Capitals,Delhi Capitals,field,win,Delhi Capitals,,6,Sameer Rizvi
1527679,2026,6,02/04/2026,Kolkata,"Eden Gardens, Kolkata",Sunrisers Hyderabad,Kolkata Knight Riders,Kolkata Knight Riders,field,win,Sunrisers Hyderabad,65,,Kaki Nitish Kumar Reddy
1527680,2026,7,03/04/2026,Chennai,"MA Chidambaram Stadium, Chepauk, Chennai",Chennai Super Kings,Punjab Kings,Punjab Kings,field,win,Punjab Kings,,5,Priyansh Arya
1527681,2026,8,04/04/2026,Delhi,"Arun Jaitley Stadium, Delhi",Mumbai Indians,Delhi Capitals,Delhi Capitals,field,win,Delhi Capitals,,6,Sameer Rizvi
1527682,2026,9,04/04/2026,Ahmedabad,"Narendra Modi Stadium, Ahmedabad",Rajasthan Royals,Gujarat Titans,Rajasthan Royals,bat,win,Rajasthan Royals,6,,Ravi Bishnoi
1527683,2026,10,05/04/2026,Hyderabad,"Rajiv Gandhi International Stadium, Uppal, Hyderabad",Sunrisers Hyderabad,Lucknow Super Giants,Lucknow Super Giants,field,win,Lucknow Super Giants,,5,Mohammed Shami Ahmed
1527684,2026,11,05/04/2026,Bengaluru,"M Chinnaswamy Stadium, Bengaluru",Royal Challengers Bangalore,Chennai Super Kings,Chennai Super Kings,field,win,Royal Challengers Bangalore,43,,Timothy Hays David
1527685,2026,12,06/04/2026,Kolkata,"Eden Gardens, Kolkata",Kolkata Knight Riders,Punjab Kings,Kolkata Knight Riders,bat,no result,Punjab Kings,,,#N/A
1527686,2026,13,07/04/2026,Guwahati,"Barsapara Cricket Stadium, Guwahati",Rajasthan Royals,Mumbai Indians,Mumbai Indians,field,win,Rajasthan Royals,27,,Yashasvi Bhupendra Kumar Jaiswal
1527687,2026,14,08/04/2026,Delhi,"Arun Jaitley Stadium, Delhi",Gujarat Titans,Delhi Capitals,Delhi Capitals,field,win,Gujarat Titans,1,,Rashid Khan Arman
1527688,2026,15,09/04/2026,Kolkata,"Eden Gardens, Kolkata",Kolkata Knight Riders,Lucknow Super Giants,Lucknow Super Giants,field,win,Lucknow Super Giants,,3,Mukul Dalip Choudhary
1527689,2026,16,10/04/2026,Guwahati,"Barsapara Cricket Stadium, Guwahati",Royal Challengers Bangalore,Rajasthan Royals,Rajasthan Royals,field,win,Rajasthan Royals,,6,Vaibhav Suryavanshi
1527690,2026,17,11/04/2026,New Chandigarh,"Maharaja Yadavindra Singh International Cricket Stadium, New Chandigarh",Sunrisers Hyderabad,Punjab Kings,Punjab Kings,field,win,Punjab Kings,,6,Shreyas Santosh Iyer
1527691,2026,18,11/04/2026,Chennai,"MA Chidambaram Stadium, Chepauk, Chennai",Chennai Super Kings,Delhi Capitals,Delhi Capitals,field,win,Chennai Super Kings,23,,Sanju Viswanath Samson
1527692,2026,19,12/04/2026,Lucknow,"Bharat Ratna Shri Atal Bihari Vajpayee Ekana Cricket Stadium, Lucknow",Lucknow Super Giants,Gujarat Titans,Gujarat Titans,field,win,Gujarat Titans,,7,Muralikrishna Prasidh Krishna
1527693,2026,20,12/04/2026,Mumbai,"Wankhede Stadium, Mumbai",Royal Challengers Bangalore,Mumbai Indians,Mumbai Indians,field,win,Royal Challengers Bangalore,18,,Philip Dean Salt
1529264,2026,21,13/04/2026,Hyderabad,"Rajiv Gandhi International Stadium, Uppal, Hyderabad",Sunrisers Hyderabad,Rajasthan Royals,Rajasthan Royals,field,win,Sunrisers Hyderabad,57,,Praful Prakash Hinge
1529265,2026,22,14/04/2026,Chennai,"MA Chidambaram Stadium, Chepauk, Chennai",Chennai Super Kings,Kolkata Knight Riders,Kolkata Knight Riders,field,win,Chennai Super Kings,32,,Noor Ahmad Lakanwal
1529266,2026,23,15/04/2026,Bengaluru,"M Chinnaswamy Stadium, Bengaluru",Lucknow Super Giants,Royal Challengers Bangalore,Royal Challengers Bangalore,field,win,Royal Challengers Bangalore,,5,Josh Reginald Hazlewood
1529267,2026,24,16/04/2026,Mumbai,"Wankhede Stadium, Mumbai",Mumbai Indians,Punjab Kings,Punjab Kings,field,win,Punjab Kings,,7,Arshdeep Singh
1529268,2026,25,17/04/2026,Ahmedabad,"Narendra Modi Stadium, Ahmedabad",Kolkata Knight Riders,Gujarat Titans,Kolkata Knight Riders,bat,win,Gujarat Titans,,5,Shubman Gill
1529269,2026,26,18/04/2026,Bengaluru,"M Chinnaswamy Stadium, Bengaluru",Royal Challengers Bangalore,Delhi Capitals,Delhi Capitals,field,win,Delhi Capitals,,6,Tristan Stubbs
1529270,2026,27,18/04/2026,Hyderabad,"Rajiv Gandhi International Stadium, Uppal, Hyderabad",Sunrisers Hyderabad,Chennai Super Kings,Chennai Super Kings,field,win,Sunrisers Hyderabad,10,,Kiribathgala Kankanamalage Eshan Malinga Dharmasena
1529271,2026,28,19/04/2026,Kolkata,"Eden Gardens, Kolkata",Rajasthan Royals,Kolkata Knight Riders,Rajasthan Royals,bat,win,Kolkata Knight Riders,,4,Varun Chakravarthy Vinod
1529272,2026,29,19/04/2026,New Chandigarh,"Maharaja Yadavindra Singh International Cricket Stadium, New Chandigarh",Punjab Kings,Lucknow Super Giants,Lucknow Super Giants,field,win,Punjab Kings,54,,Priyansh Arya
1529273,2026,30,20/04/2026,Ahmedabad,"Narendra Modi Stadium, Ahmedabad",Mumbai Indians,Gujarat Titans,Gujarat Titans,field,win,Mumbai Indians,99,,Namboori Thakur Tilak Varma
1529274,2026,31,21/04/2026,Hyderabad,"Rajiv Gandhi International Stadium, Uppal, Hyderabad",Sunrisers Hyderabad,Delhi Capitals,Delhi Capitals,field,win,Sunrisers Hyderabad,47,,Abhishek Sharma
1529275,2026,32,22/04/2026,Lucknow,"Bharat Ratna Shri Atal Bihari Vajpayee Ekana Cricket Stadium, Lucknow",Rajasthan Royals,Lucknow Super Giants,Lucknow Super Giants,field,win,Rajasthan Royals,40,,Ravindrasinh Anirudhsinh Jadeja
1529276,2026,33,23/04/2026,Mumbai,"Wankhede Stadium, Mumbai",Chennai Super Kings,Mumbai Indians,Mumbai Indians,field,win,Chennai Super Kings,103,,Sanju Viswanath Samson
1529277,2026,34,24/04/2026,Bengaluru,"M Chinnaswamy Stadium, Bengaluru",Gujarat Titans,Royal Challengers Bangalore,Royal Challengers Bangalore,field,win,Royal Challengers Bangalore,,5,Virat Kohli
1529278,2026,35,25/04/2026,Delhi,"Arun Jaitley Stadium, Delhi",Delhi Capitals,Punjab Kings,Delhi Capitals,bat,win,Punjab Kings,,6,Kannaur Lokesh Rahul
1529279,2026,36,25/04/2026,Jaipur,"Sawai Mansingh Stadium, Jaipur",Rajasthan Royals,Sunrisers Hyderabad,Sunrisers Hyderabad,field,win,Sunrisers Hyderabad,,5,Ishan Pranav Kumar Pandey Kishan
1529280,2026,37,26/04/2026,Chennai,"MA Chidambaram Stadium, Chepauk, Chennai",Chennai Super Kings,Gujarat Titans,Gujarat Titans,field,win,Gujarat Titans,,8,Kagiso Rabada
1529281,2026,38,26/04/2026,Lucknow,"Bharat Ratna Shri Atal Bihari Vajpayee Ekana Cricket Stadium, Lucknow",Kolkata Knight Riders,Lucknow Super Giants,Lucknow Super Giants,field,tie,Lucknow Super Giants,,,Rinku Khanchand Singh
1529282,2026,39,27/04/2026,Delhi,"Arun Jaitley Stadium, Delhi",Delhi Capitals,Royal Challengers Bangalore,Royal Challengers Bangalore,field,win,Royal Challengers Bangalore,,9,Josh Reginald Hazlewood
1529283,2026,40,28/04/2026,New Chandigarh,"Maharaja Yadavindra Singh International Cricket Stadium, New Chandigarh",Punjab Kings,Rajasthan Royals,Rajasthan Royals,field,win,Rajasthan Royals,,6,Donovan Ferreira
1529284,2026,41,29/04/2026,Mumbai,"Wankhede Stadium, Mumbai",Mumbai Indians,Sunrisers Hyderabad,Mumbai Indians,bat,win,Sunrisers Hyderabad,,6,Heinrich Klaasen
1529285,2026,42,30/04/2026,Ahmedabad,"Narendra Modi Stadium, Ahmedabad",Royal Challengers Bangalore,Gujarat Titans,Gujarat Titans,field,win,Gujarat Titans,,4,Jason Omar Holder
1529286,2026,43,01/05/2026,Jaipur,"Sawai Mansingh Stadium, Jaipur",Rajasthan Royals,Delhi Capitals,Rajasthan Royals,bat,win,Delhi Capitals,,7,Kannaur Lokesh Rahul